contributor_zip,total_population,median_age,median_income,hispanic_or_latino,num_donations,total_amt_donated,white_alone_percent,black_alone_percent,native_american_percent,asian_alone_percent,hawaiian_pacific_percent,other_race_percent,hispanic_or_latino_percent,two_or_more_races_percent,amt_donated_per_resident
21287,0,NA,NA,0,1,1000,NA,NA,NA,NA,NA,NA,NA,NA,Inf
21031,26,NA,NA,0,2,26400,0,100,0,0,0,0,0,0,1015.3846153846154
20639,37,31.5,NA,0,1,3000,0,100,0,0,0,0,0,0,81.08108108108108
21056,318,66.5,250001,0,7,22117.85,100,0,0,0,0,0,0,0,69.55298742138365
20812,282,49.9,194375,25,11,18950,85.1063829787234,0.7092198581560284,0,1.0638297872340425,0,1.4184397163120568,8.865248226950355,11.702127659574469,67.19858156028369
20815,31080,46.3,185873,1926,590,937411.59,77.99549549549549,7.136422136422136,0.22844272844272845,7.7992277992278,0,0.6692406692406693,6.196911196911197,6.171171171171172,30.16124806949807
21705,5,41.5,NA,0,1,150,20,80,0,0,0,0,0,0,30
21153,676,57.8,NA,37,7,14806.35,90.08875739644971,0,0,2.9585798816568047,0,0,5.473372781065089,6.952662721893491,21.902884615384615
20816,17390,45.1,228311,1423,281,310123.24,80.27027027027027,3.438757906843013,0,6.854514088556642,0,1.36860264519839,8.182863714778609,8.067855089131685,17.833423806785508
20817,37795,45.4,231292,3846,365,597996.3,67.41897076332847,6.019314724169863,0.14816774705648897,15.650218282841646,0.0502711998941659,2.1404947744410636,10.17594919962958,8.57256250826829,15.822100806985052
21930,27,NA,NA,0,1,375,100,0,0,0,0,0,0,0,13.88888888888889
21662,657,56.8,167647,110,4,8139,80.82191780821918,9.74124809741248,0,3.50076103500761,0,5.93607305936073,16.7427701674277,0,12.38812785388128
20896,840,53.2,250001,58,6,9595,84.76190476190476,0.9523809523809524,0,5.952380952380952,0,0,6.904761904761905,8.333333333333332,11.422619047619047
20854,49320,48.1,241697,4062,362,514687.5,64.11192214111922,4.845904298459043,0.00202757502027575,21.46999188969992,0,1.8309002433090023,8.236009732360097,7.7392538523925385,10.435675182481752
20814,30234,40.4,149657,2790,267,274466.62,71.35013560891711,6.181782099622941,0.45974730435933053,11.665674406297546,0,1.1510220281801944,9.228021432823972,9.191638552622875,9.078078322418468
21718,143,54.7,90000,3,2,1250,95.1048951048951,0,0,0,0,1.3986013986013985,2.097902097902098,3.4965034965034967,8.741258741258742
20818,1787,50.5,211196,101,17,11925.86,61.66759932848349,5.260212646894236,0.11191941801902631,14.21376608841634,0,5.428091773922775,5.651930609960829,13.318410744264131,6.6736765528819255
20880,604,58.1,131528,26,6,3323.52,77.31788079470199,12.582781456953644,0,2.4834437086092715,0,3.642384105960265,4.304635761589404,3.9735099337748347,5.502516556291391
20895,19273,42.1,165423,2493,99,103327.42,71.90888808177243,5.126342551756343,0.8146111139936698,5.889067607533856,0.26980750272401804,4.514087064805686,12.93519431328802,11.477196077414,5.361252529445338
20776,2966,51.2,118092,123,6,14845.25,86.58125421443022,12.508428860418071,0,0,0,0.30343897505057316,4.146999325691167,0.6068779501011463,5.005141604855024
21647,450,47.9,107361,0,2,2225,99.11111111111111,0,0,0,0,0,0,0.8888888888888888,4.944444444444445
20688,1170,71.9,89295,0,9,4663.69,99.57264957264957,0.3418803418803419,0,0,0,0,0,0.08547008547008547,3.986059829059829
20860,2279,50.9,152768,367,15,8383,50.10969723562966,16.849495392716104,0,11.978938130759104,0,11.715664765247915,16.1035541904344,9.346204475647214,3.6783677051338306
21663,3646,56.4,76667,219,17,12630.81,83.90016456390566,10.422380691168403,0,0.877674163466813,0,0,6.006582556226001,4.7997805814591334,3.4642923752057047
20910,45072,35.1,103813,5317,200,154230.87,46.63427405040824,30.72639332623358,0.30839545615903446,7.268370607028754,0.03106141285055023,5.395811146609868,11.796680866169684,9.635694000709975,3.4218776624068155
21210,15005,31.4,114409,1591,68,51160.79,63.94535154948351,15.694768410529825,0.11329556814395202,9.356881039653448,0.04665111629456848,3.5521492835721427,10.603132289236921,7.290903032322558,3.409582805731423
20912,25823,37.3,80593,5874,108,87689.58,36.15381636525578,34.60868218255044,0.6544553305193045,4.898733687023197,0,14.89369941524997,22.747163381481624,8.790613019401308,3.395793672307633
21714,272,44,176736,0,1,918,91.54411764705883,0,0,8.455882352941178,0,0,0,0,3.375
20765,604,53.7,139167,0,3,2000,70.03311258278146,29.96688741721854,0,0,0,0,0,0,3.3112582781456954
20838,368,34.7,195938,55,4,1210,91.84782608695652,0,0,0.2717391304347826,0,4.076086956521739,14.945652173913043,3.804347826086957,3.2880434782608696
21035,8360,44.8,171185,214,24,25892.11,94.00717703349282,1.4832535885167464,0.11961722488038277,0.6339712918660286,0,1.8899521531100478,2.5598086124401913,1.8660287081339715,3.0971423444976076
20855,16558,41.9,146036,2220,40,50178.6,55.429399685952404,12.912187462253897,1.5279623142891654,16.777388573499216,0,4.16716994806136,13.4074163546322,9.185892015943955,3.030474695011475
20690,843,52.5,139500,50,2,2423.45,90.0355871886121,0,0,3.558718861209965,0,0,5.931198102016608,6.405693950177936,2.8747924080664293
21403,32207,44.5,108759,4392,84,91514.37,66.50417611078338,15.909584872853728,0.13351134846461948,1.1270841742478344,0.10246219765889403,10.696432452572422,13.636787033874622,5.526748843419132,2.841443475020958
20852,48379,38.5,121550,6467,145,132668.1,55.689452034973854,10.705057979701937,0.2811137063601976,19.954939126480497,0.004134025093532318,3.4395088778188887,13.36737013993675,9.925794249571094,2.7422662725562748
21654,1260,67.7,77288,134,9,3416.98,89.68253968253968,3.015873015873016,0,0.2380952380952381,0,0.15873015873015872,10.634920634920634,6.904761904761905,2.711888888888889
20733,2669,47.7,128864,4,7,6871,85.5751217684526,7.9055826152116895,0.18733608092918697,1.3113525665043086,0,0.14986886474334957,0.14986886474334957,4.87073810415886,2.574372424128887
20625,1248,46.6,126657,0,4,3210,94.87179487179486,0,0,1.5224358974358974,0,0,0,3.6057692307692304,2.5721153846153846
21132,3110,40.6,158550,41,14,7289.24,96.7524115755627,0,0,0,0,0,1.3183279742765275,3.247588424437299,2.343807073954984
20777,3220,45.6,215833,199,6,7493,70.43478260869566,6.39751552795031,0,16.73913043478261,0,1.3975155279503106,6.180124223602484,5.031055900621118,2.327018633540373
21645,1231,47.9,NA,0,3,2862.02,94.55727051177905,4.54914703493095,0,0,0,0,0,0.8935824532900082,2.3249553208773355
21762,176,52.1,NA,121,1,400,31.25,0,0,0,0,0,68.75,68.75,2.272727272727273
21659,1225,51.1,68393,0,4,2615.62,76.24489795918367,21.714285714285715,0,1.6326530612244898,0,0,0,0.40816326530612246,2.1351999999999998
21620,13636,41.2,69842,454,36,28937.43,80.48547961278967,13.105016133763566,0,1.1733646230566148,0.08066881783514226,1.2980346142563801,3.3294221179231447,3.8574361982986214,2.1221347902610734
20904,56532,40.9,90926,8198,129,115297.9,24.658600438689593,50.00707563857638,0.5306728932286139,11.742022217505129,0.049529470034670627,7.126936956060284,14.501521262293924,5.8851623859053275,2.0395156725394465
20901,37207,39.7,123031,6669,106,75277.5,43.83583734243556,29.220308006557904,0.5966619184562044,8.14900421963609,0.23920230064235223,10.19431827344317,17.924046550380304,7.7646679388287145,2.023207998494907
21717,209,61.9,77375,28,1,400,100,0,0,0,0,0,13.397129186602871,0,1.9138755980861244
21601,23589,49.4,80434,1894,49,44897.84,74.72550765187164,14.706007037178345,0.669803722073848,1.458306837932935,0,2.6495400398490823,8.029166136758658,5.790834711094154,1.9033379965238033
21201,18305,32.1,42324,751,24,33204.24,30.45615951925703,54.55886369844305,0.42065009560229444,5.779841573340618,0,1.3875990166621142,4.102704179186015,7.396886096694892,1.8139437312209779
21401,40442,44,114699,4221,116,73102.31,73.2283269867959,15.028930319964392,0.07170763068097523,3.555709411008358,0,3.3109143959250282,10.437169279461946,4.8044112556253395,1.807583947381435
20764,3280,49.4,112500,119,7,5609.5,78.29268292682927,13.963414634146343,0,1.951219512195122,0,1.5548780487804879,3.6280487804878048,4.237804878048781,1.7102134146341463
21204,20188,34.8,92734,673,45,34445.19,69.99702793738855,17.50544878145433,0.23281157123043392,6.053100851991282,0.024767188428769567,0.5944125222904696,3.333663562512384,5.5924311472161685,1.7062210223895384
21667,218,59.4,NA,0,1,371.67,83.94495412844036,8.715596330275229,0,0,0,7.339449541284404,0,0,1.704908256880734
21212,33861,38.8,94014,1862,75,55557.98,50.57736038510381,37.39995865449928,0.07087800124036503,3.8392250671864385,0.04429875077522814,1.901893033283128,5.498951596231652,6.166386107911757,1.6407660730634064
21032,8040,51.5,142202,259,15,12714.51,86.55472636815921,7.5621890547263675,0,1.4303482587064678,0,1.2064676616915424,3.221393034825871,3.2462686567164183,1.5814067164179104
21163,7222,46.3,123858,373,8,11223.09,44.22597618388258,24.328440875103848,0,24.53613957352534,0.1800055386319579,1.9523677651620048,5.164774300747715,4.777070063694268,1.5540141235114926
20850,51072,40.2,125268,6684,128,79279.71,48.34351503759399,11.444627192982457,0.12139724310776942,26.368656015037594,0,5.989583333333334,13.087406015037594,7.7322211779448615,1.5523126174812032
21665,164,55.9,150809,27,1,250,83.53658536585365,0,0,0,0,0,16.463414634146343,16.463414634146343,1.524390243902439
21093,38961,46.6,120947,1167,78,56757.68,80.08521341854676,4.550704550704551,0.1411668078334745,10.01001001001001,0.0282333615666949,0.5005005005005005,2.9953029953029953,4.684171350838017,1.4567819101152435
21622,348,57.4,56375,7,1,500,89.08045977011494,8.908045977011495,0,0,0,0,2.0114942528735633,2.0114942528735633,1.4367816091954022
20645,763,50.4,119167,0,1,1076,92.66055045871559,0,0.5242463958060288,0,0,0,0,6.8152031454783755,1.4102228047182175
21152,6517,41.9,113711,102,15,9043.27,83.41261316556697,7.626208378088077,0.19947828755562375,5.109713058155593,0,1.1815252416756177,1.5651373331287404,2.4704618689581093,1.387643087310112
20905,17451,41.6,142929,2948,40,24128.5,43.48747922755143,24.153343647928484,0,13.586613947624778,0,10.199988539338719,16.893014726949744,8.572574637556588,1.382642828491204
21634,367,62.4,49250,0,1,500,99.45504087193461,0,0,0,0,0,0,0.544959128065395,1.3623978201634876
21797,9034,45.1,179271,286,21,12230.29,88.01195483728138,2.2027894620323223,0.2988709320345362,4.328093867611246,0,0.24352446313925172,3.1658180208102724,4.914766437901262,1.3538067301306178
21678,1685,50,75865,12,3,2271,70.86053412462908,25.816023738872403,0,0.5341246290801187,0,0.2373887240356083,0.7121661721068249,2.5519287833827895,1.347774480712166
21669,186,61.8,87708,0,1,250,89.24731182795699,8.60215053763441,2.1505376344086025,0,0,0,0,0,1.3440860215053763
20882,13962,46.2,171903,1387,22,18440.07,75.39750752041255,7.5418994413407825,0,6.882968056152413,0,3.2087093539607507,9.934106861481164,6.968915628133505,1.3207327030511389
21286,21142,41.5,92722,1354,47,27746.68,72.16441207075962,15.395894428152493,0.03310945038312364,4.233279727556523,0.03310945038312364,2.951471005581307,6.404313688392772,5.188723867183804,1.3123961782234415
20853,31794,41.8,146075,8158,62,40789.88,55.29974208970246,11.511605963389318,0.5567088129835818,12.288482103541549,0,13.181732402340064,25.658929357740455,7.161728628043027,1.2829426935899855
21737,2406,38.5,250001,26,2,3049.98,76.47547797173732,5.818786367414797,0,13.258520365752286,0,0,1.0806317539484622,4.447215295095595,1.2676558603491273
21755,5706,43.6,129085,799,7,7175,80.94987732211708,3.1370487206449353,0.03505082369435682,1.805117420259376,0,5.625657202944269,14.00280406589555,8.447248510339993,1.257448300035051
21209,29960,35.3,89398,1107,56,37065.29,68.85180240320427,21.832443257676903,0.02002670226969292,4.636181575433912,0.043391188251001335,1.855807743658211,3.694926568758344,2.760347129506008,1.2371592122830442
21044,45100,39.6,123658,4278,102,55047.98,47.572062084257205,26.572062084257208,0.1951219512195122,12.534368070953436,0.026607538802660754,2.600886917960089,9.485587583148558,10.49889135254989,1.2205760532150778
20601,27328,36.8,115742,2182,13,33109.96,29.768003512880565,56.3048887587822,0.7135538641686183,3.0993852459016393,0.0622072599531616,2.5504976580796255,7.984484777517564,7.501463700234192,1.2115764051522249
20837,6651,44.9,193264,735,9,7990.67,78.51450909637649,3.0822432716884682,0,7.833408509998496,0,4.3602465794617355,11.050969778980605,6.209592542474816,1.2014238460381899
20906,71560,40,91563,23709,124,83278.82,31.185019564002236,23.788429290106205,0.2543320290665176,11.488261598658468,0.03633314700950251,24.707937395192843,33.131637786472886,8.539686975964225,1.163762157629961
21671,805,56.3,55208,28,2,925,99.37888198757764,0,0,0.6211180124223602,0,0,3.4782608695652173,0,1.1490683229813665
21042,42528,44.6,178207,1432,98,48864.31,58.2181151241535,4.40415726109857,0.3644657637321294,30.45287810383747,0.14578630549285176,1.0275583145221971,3.36719337848006,5.3870391271632805,1.1489914879608727
21871,1747,58.4,51500,28,5,2007.14,67.94504865483685,22.724670864338865,0,4.636519748139668,0,0,1.602747567258157,4.693760732684602,1.1489066971951918
20759,6125,39.6,246618,184,10,7016.02,51.755102040816325,13.46938775510204,0,24.66938775510204,0,0.39183673469387753,3.0040816326530613,9.714285714285714,1.1454726530612245
21012,23144,38.4,136705,2200,34,25509.68,81.61078465260975,5.146042170756999,0.13826477704804702,3.6553750432077425,0,0.8166263394400276,9.505703422053232,8.632907016937436,1.102215693052195
20754,7344,39.6,166976,323,7,7752.1,82.6797385620915,7.652505446623094,0.20424836601307192,2.2058823529411766,0,0.8169934640522877,4.398148148148148,6.440631808278867,1.0555691721132898
21208,37319,45.4,89702,1037,39,37264.85,51.60642032208794,41.97057798976393,0.22508641710656768,1.7497789329831988,0,1.3933921058978,2.778745411184651,3.054744232160562,0.9985489964897237
21409,20619,43.8,140236,1472,42,20500.66,83.24361026237936,4.418255007517338,0.12124739318104662,2.4782967166205925,0,2.260051408894709,7.139046510500025,7.4785392114069555,0.9942606333963819
20842,1927,47.3,152917,193,3,1910,69.43435391800726,13.907628437986508,0.4151530877010898,2.33523611831863,0,7.109496626881162,10.015568240788792,6.798131811105346,0.9911779968863519
21114,25126,36.7,132829,2115,38,24408.83,68.3395685743851,14.678022765263075,0,7.442489851150203,0,1.6277959086205525,8.417575419883786,7.912122900581071,0.9714570564355648
20630,307,54.8,193274,13,1,297.5,85.99348534201955,1.9543973941368076,0,0,0,0,4.234527687296417,12.052117263843648,0.9690553745928339
21750,3613,48.2,50833,12,3,3452,95.54386936064213,0.5812344312205923,0.05535566011624688,0.498200941046222,0,0.44284528092997505,0.3321339606974813,2.878494326044838,0.9554386936064213
21231,14780,32.8,88091,1063,21,14054.48,60.05412719891745,26.04194857916103,0.35859269282814615,6.2516914749661705,0,1.9891745602165087,7.192151556156968,5.30446549391069,0.9509120433017592
21619,5776,49.6,94815,239,15,5446.71,82.84279778393352,7.531163434903047,0,1.0214681440443214,0,3.9300554016620497,4.13781163434903,4.674515235457063,0.9429899584487534
20763,2219,39.1,98621,49,4,2091,50.06759801712482,38.75619648490311,0,7.751239296980622,0,0.67598017124831,2.2082018927444795,2.7489860297431274,0.9423163587201442
20782,34625,36.6,82037,13416,31,32414.16,18.631046931407944,37.802166064981954,0.5256317689530686,4.381227436823105,0,31.425270758122743,38.74657039711191,7.234657039711191,0.9361490252707582
20680,588,34.5,NA,4,3,550,64.45578231292517,14.965986394557824,0,0,0,20.578231292517007,0.6802721088435374,0,0.935374149659864
21218,46548,34.1,58847,1942,74,43203.16,28.037724499441435,60.16799862507519,0.5736014436710493,4.846609951018304,0.06874624043997593,1.1278680072183551,4.17203746670104,5.177451233135688,0.9281421328521098
21230,32883,33.5,95470,2954,45,30463.81,59.295076483289236,26.840616732049995,0.5656418210017334,2.6001277255724844,0.015205425295745522,5.911869354985859,8.983365264726455,4.771462457804945,0.9264303743575708
20861,3031,53.2,175250,503,12,2735,47.01418673705048,16.925107225338174,0,18.6077202243484,0,9.897723523589574,16.595183107885187,7.555262289673376,0.9023424612339161
21541,1682,48.9,58519,130,1,1500,83.88822829964329,10.404280618311535,1.426872770511296,0,0,0.89179548156956,7.728894173602854,3.388822829964328,0.89179548156956
21037,21060,40.5,127554,1036,35,17989.35,89.10731244064577,5.821462488129154,0,1.063627730294397,0,0.12345679012345678,4.919278252611585,3.8841405508072175,0.8541951566951567
21046,15894,37.7,125280,1049,27,13571.58,54.24059393481817,31.653454133635332,0.03775009437523594,6.958600729835158,0.1887504718761797,0.9122939474015351,6.599974833270417,6.008556688058387,0.8538807097017742
20781,13299,34.1,89281,5762,24,11269.93,32.97992330250395,25.04699601473795,0.9699977441912927,3.789758628468306,0.43612301676817805,30.272952853598017,43.32656590721107,6.504248439732311,0.8474268742010678
21658,3883,51.9,124375,354,6,3231.79,77.00231779551892,7.828998197270153,0.38629925315477726,0.7725985063095545,0,3.7342261138295134,9.116662374452742,10.275560133917075,0.832292042235385
20877,38524,36.9,86134,16769,50,31827.61,28.64188557782162,18.53390094486554,0.537327380334337,16.0627141522168,0.3270688402035095,25.934482400581455,43.52870937597342,9.962620703976741,0.8261761499325097
20832,25488,41.2,160287,2607,48,20811.14,60.80508474576271,12.880571249215317,0.3256434400502197,13.186597614563716,0,4.076428123038292,10.22834274952919,8.725674827369742,0.8165073760200878
21779,1731,27.8,111648,11,5,1376,96.07163489312536,0,0,0,0,0,0.635470826112074,3.928365106874639,0.7949162333911034
20878,65954,40.3,141902,8164,80,52174.8,49.24796069988174,10.088849804409133,0.30779027807259607,26.95060193468175,0,5.2445643933650725,12.37832428662401,8.160232889589714,0.7910786305606938
20841,9312,47.5,177588,697,10,7297.22,37.97250859106529,9.954896907216494,0,45.822594501718214,0,0.9342783505154639,7.484965635738831,5.315721649484536,0.7836361683848797
20687,360,38.3,143468,0,1,275,58.05555555555556,14.722222222222223,0,17.77777777777778,0,0,0,9.444444444444445,0.7638888888888888
21030,25133,36.9,92333,2631,30,18899,59.344288385787614,17.467075160148013,0.07559781959972944,9.378108462976963,0,3.5093303624716508,10.468308598257272,10.225599809016035,0.7519595750606772
21555,1515,48.4,47917,0,3,1125,98.87788778877888,0.19801980198019803,0,0,0,0,0,0.9240924092409241,0.7425742574257426
20902,53308,36.4,105677,20888,83,39078.56,37.49718616342763,17.91100772867112,0.7597358745404067,7.75680948450514,0.031890147820214605,29.074435356794474,39.183612215802505,6.968935244241015,0.7330712088241914
21057,4530,45.5,163462,321,12,3318.92,88.54304635761589,4.679911699779249,0.1986754966887417,2.185430463576159,0,1.2803532008830023,7.086092715231788,3.1125827814569536,0.7326534216335541
21650,308,41.6,92000,176,1,225,42.857142857142854,0,0,0,0,57.14285714285714,57.14285714285714,0,0.7305194805194806
21723,689,52.4,250001,0,1,500,50.07256894049347,2.1770682148040637,0,47.750362844702465,0,0,0,0,0.7256894049346879
21211,15935,36.7,79909,924,24,11543,76.32256040163163,9.030436146846563,1.5312205836209603,7.147787888296203,0.031377470975839344,0.527141512394101,5.798556636335111,5.409475996234703,0.7243802949482272
20751,2081,49.9,115451,181,2,1500,87.21768380586256,0.09610764055742432,0,0.3844305622296973,0,0,8.6977414704469,12.301777991350313,0.7208073041806824
21865,393,61.8,94118,0,2,275.61,71.50127226463104,11.704834605597965,0,16.793893129770993,0,0,0,0,0.7012977099236641
21202,20115,33.3,59098,972,14,14049.42,34.49664429530201,53.64156102411136,0.23365647526721353,5.344270444941586,0.07954262987820035,1.4914243102162565,4.832214765100671,4.71290082028337,0.698454884414616
21146,29710,42.1,171848,870,42,19940.75,88.20262537866039,3.453382699427802,0.006731740154830023,2.487377987209694,0,0.851565129585998,2.92830696735106,4.9983170649612925,0.671179737462134
21405,383,59,150208,0,4,255,100,0,0,0,0,0,0,0,0.6657963446475196
21078,19820,45.2,100853,1295,28,12982.7,72.13420787083754,15.94853683148335,0.19677093844601415,2.3612512613521695,0,3.279515640766902,6.53380423814329,6.079717457114026,0.6550302724520687
20626,239,55.4,56806,0,1,155,96.23430962343096,3.765690376569038,0,0,0,0,0,0,0.6485355648535565
21811,24456,54.9,87611,886,22,15820.86,84.1184167484462,8.513248282630029,0.03680078508341511,2.269381746810599,0,1.0958456002616945,3.6228328426561993,3.9663068367680734,0.6469111874386654
20778,2564,47.1,178854,194,3,1654.5,94.61778471138845,0.62402496099844,0,0,0,0,7.566302652106084,4.758190327613105,0.6452808112324493
21773,5553,43,142470,265,5,3580,90.09544390419593,0.3961822438321628,0.09004141905276428,2.197010624887448,0,1.854853232486944,4.772195209796506,5.366468575544751,0.6446965604177922
20721,30785,47.2,162538,934,48,19772.53,6.733798928049374,86.36348871203509,0.16891343186616858,1.1596556764658112,0,0.7860971252233231,3.0339451031346436,4.78804612636024,0.6422780574955335
21217,31634,39.9,36665,395,20,19974.97,12.992350003161155,82.12682556742746,0.14541316305241198,1.191755705886072,0.015805778592653474,0.28450401466776254,1.2486565088196244,3.2433457672124932,0.6314399064297908
21117,58516,36.8,96672,3621,49,36850.45,33.860824389910455,52.58732654316768,0.008544671542825894,5.318203568254836,0.14696835053660537,2.3651650830542073,6.188051131314512,5.7129673935333924,0.6297499829106569
20769,6812,43.1,155794,1463,9,4272.719999999999,23.766881972988845,45.273047563123896,0,15.002935995302408,0.04403992953611274,13.872577803875513,21.476805637110978,2.040516735173224,0.6272342924251321
20677,2055,50.2,156161,152,5,1259.73,77.37226277372264,13.284671532846716,0,2.7250608272506085,0,0.6812652068126521,7.3965936739659375,5.9367396593673964,0.613007299270073
21738,3786,44.7,239821,35,10,2285.62,86.58214474379292,2.13946117274168,0,6.788166930797676,0,0.6867406233491812,0.9244585314315901,3.8034865293185423,0.6037031167459059
20872,12932,41.7,129775,1918,12,7715.42,68.94525208784411,12.039901020723786,0.03866377977111043,5.760903185895453,0,6.8744200433034335,14.831425920197958,6.340859882462109,0.5966145994432416
21701,40787,39.2,97769,2497,46,23759.65,76.11739034496286,12.150930443523672,0.2304655895260745,2.7141000809081324,0.0367764238605438,1.441635815333317,6.122048691985191,7.308701301885405,0.5825299727854464
21841,988,41.1,83839,0,1,563,70.54655870445345,23.178137651821864,0,0,0,0,0,6.275303643724696,0.569838056680162
20711,7435,40.2,86633,1693,8,3965.46,64.8285137861466,12.616005379959649,0,0.4034969737726967,0,14.498991257565569,22.77067921990585,7.65299260255548,0.533350369872226
20903,25324,32.5,78649,12993,18,13307.2,16.253356499763072,27.00995103459169,1.0740799241825936,9.453482862107093,0,41.25335649976307,51.3070604959722,4.955773179592481,0.5254778076133313
21661,2571,59.7,77875,114,5,1349.85,86.50330610657332,6.0676779463243875,0,0,0.038895371450797356,5.562038117464022,4.434072345390899,1.8280824581874757,0.5250291715285881
20650,15522,37.6,137854,843,15,7915.37,77.97964179873728,6.829016879268135,0.012884937508053087,3.1245973457028735,0,0.5153975003221235,5.431001159644375,11.538461538461538,0.5099452390155907
21013,5382,45.6,161141,168,8,2678.63,92.17762913415088,1.7651430694908956,0,1.2263099219620959,0,0.9104422147900408,3.121516164994426,3.9204756596060943,0.49770159791898927
21131,7722,48.4,187500,177,8,3687,91.91919191919192,0.8676508676508676,0.6345506345506345,1.6058016058016058,0,1.1655011655011656,2.292152292152292,3.807303807303807,0.47746697746697747
20639,15058,39.3,144035,675,11,7149.29,77.7526896002125,11.422499667950591,0.06640988179041042,2.3177048744853233,0,0.11953778722273874,4.482667020852703,8.321158188338424,0.47478350378536327
21034,2958,51.8,85833,19,3,1351.66,94.7261663286004,0.676132521974307,0.16903313049357674,0.16903313049357674,0,0.0676132521974307,0.6423258958755916,4.192021636240703,0.4569506423258959
21804,38722,32.9,64513,1993,22,17588.97,58.8838386446981,29.729869324931563,0.22467847735137647,3.8479417385465626,0.023242601105314807,0.8264035948556377,5.146944889210268,6.464025618511441,0.4542371261814989
21082,694,51.6,137399,0,1,312.86,93.51585014409221,0,0,1.585014409221902,0,0,0,4.899135446685879,0.450806916426513
20736,9274,45.2,158924,346,5,4037.5,80.03019193444038,8.680181151606641,0.4744446840629717,0.48522751779167567,0,2.0487384084537417,3.730860470131551,8.281216303644598,0.4353569117964201
21704,18473,37.4,162437,2521,12,7922.5,59.481405294213175,11.562821415038165,0.211118930330753,14.529313051480539,0.21653223623666973,1.6131651599631898,13.646944188816109,12.385643912737509,0.428869160396254
20740,36583,24.5,79446,7501,28,15333.8,41.62862531777055,22.767405625563786,0.19134570702238743,14.061175956045158,0.021868080802558566,12.863898532105075,20.504059262498973,8.465680780690485,0.41915097176284066
21635,1836,49.8,120169,167,2,740.71,85.07625272331155,3.485838779956427,0,0.5991285403050108,0,6.045751633986928,9.095860566448803,4.793028322440087,0.4034368191721133
20659,23346,38.1,115729,669,18,9293.75,88.04506125246296,6.754904480424913,0.021416945086952795,0.3469545104086353,0,0.826694080356378,2.8655872526342843,4.004968731260173,0.39808746680373513
21045,40980,38,115134,4450,54,16237.37,46.957052220595415,31.181063933626156,0.3538311371400683,11.149341142020498,0,3.4773060029282576,10.858955588091753,6.881405563689605,0.39622669594924353
21754,7260,40,179068,672,7,2840.54,74.06336088154269,9.53168044077135,0.04132231404958678,8.016528925619834,0.11019283746556473,1.2396694214876034,9.256198347107437,6.997245179063361,0.3912589531680441
20876,26572,35.7,107542,5746,18,10329.08,31.450398916152338,30.468161975011288,0.17311455667620052,19.86677705855788,0,8.298208640674394,21.62426614481409,9.743338852927893,0.3887204576245672
21136,35038,43.5,105300,1706,26,13565.81,55.98493064672642,27.473029282493293,0.1969290484616702,7.788686568868086,0,2.6913636623094925,4.86899937211028,5.865060791141047,0.38717421085678405
20720,26253,40.9,158598,1879,16,10003.4,14.044109244657754,69.80535557841009,0.045709061821506115,4.944196853692912,0,4.82611511065402,7.1572772635508315,6.334514150763722,0.3810383575210452
20636,11089,38.7,151193,535,5,4177.43,83.47010550996484,6.51095680404004,0.16232302281540265,1.4609072053386238,0,1.0460817025881504,4.824600955902246,7.349625755252953,0.3767183695554153
20851,14659,36,107578,6041,14,5446.5,34.190599631625624,11.631079882665938,0.6344225390545057,16.078859403779248,0,23.896582304386385,41.2101780476158,13.568456238488299,0.371546490210792
21794,2309,43.6,191458,31,1,850,66.7388479861412,4.850584668687744,0,22.17410134257254,0,0,1.342572542226072,6.236466002598527,0.36812472932005197
21673,2793,44.4,66163,220,6,1016,76.69172932330827,16.541353383458645,0.5370569280343717,0.39384174722520593,0,0.0716075904045829,7.876834944504117,5.764411027568922,0.36376655925528106
21756,3303,45.6,92222,30,4,1200,96.24583711777173,0,0,0.6055101422948834,0,0,0.9082652134423252,3.148652739933394,0.36330608537693004
21113,36495,36.3,116584,3631,38,12682.91,52.4592409919167,27.042060556240582,0.032881216605014384,6.143307302370188,0.16440608302507193,2.759282093437457,9.949308124400604,11.398821756404987,0.3475245924099192
21742,34549,41,80306,3038,24,12004.59,75.20912327419028,10.561810761527106,0.09262207299777128,2.822078786650844,0.09262207299777128,1.913224695360213,8.79330805522591,9.308518336276014,0.3474656285275985
21108,18046,39.8,142001,745,15,6168,77.10295910451069,9.370497617200488,0.07757951900698215,5.048210129668624,0,1.108278842956888,4.128338690014408,7.292474786656323,0.34179319516790424
21716,6630,36.6,100043,500,5,2260,72.39819004524887,11.206636500754149,0.22624434389140274,1.9155354449472097,0,0.8446455505279035,7.541478129713424,13.408748114630468,0.34087481146304677
21702,46596,38.1,100449,8570,36,15746.4,62.44956648639368,16.857670186282085,0.1781268778435917,4.5712078289981974,0,4.472486908747532,18.39213666409134,11.470941711734913,0.33793458665979914
20779,992,57.1,109931,0,2,335,96.16935483870968,2.0161290322580645,0,0.7056451612903225,0,1.1088709677419355,0,0,0.3377016129032258
20685,6750,47,119792,228,4,2276.9300000000003,79.65925925925926,14.681481481481482,0,0,0,2.4444444444444446,3.3777777777777773,3.214814814814815,0.337322962962963
20708,27909,35.3,80569,4384,13,9299.36,16.345981583001898,64.45591027983805,0.3009781790820165,3.300010749220682,0,10.605897739080582,15.708194489232863,4.991221469776774,0.33320290945573117
21224,44915,34.2,86443,7680,19,14900.38,64.25692975620618,13.924078815540467,0.5432483580095736,3.7916063675832126,0.004452855393521095,11.192252031615272,17.098964711121006,6.287431815651787,0.33174618724256927
21120,7319,44,148090,263,11,2418.27,89.08320808853668,2.1314387211367674,0,2.828255226123787,0,1.666894384478754,3.593387074736986,4.290203579724006,0.3304098920617571
20785,41281,36.5,83146,5761,20,13443.27,8.337976308713452,73.59802330369904,0.3730529783677721,2.6913107725103558,0,9.382040163755722,13.955572781667112,5.617596472953659,0.32565272159104675
21036,2145,47.6,185195,170,3,689,84.52214452214453,3.44988344988345,0,4.195804195804196,0,2.983682983682984,7.925407925407925,4.848484848484849,0.3212121212121212
21904,5975,43.4,89797,531,6,1875,86.89539748953975,7.380753138075313,0.05020920502092051,0.16736401673640167,0,0.9874476987447698,8.887029288702928,4.518828451882846,0.3138075313807531
20613,14800,44.2,145445,919,10,4641.1,22.89189189189189,64.45945945945945,0.08108108108108107,2.5472972972972974,0,2.4391891891891895,6.209459459459459,7.581081081081082,0.31358783783783784
21104,6077,46.1,195000,185,7,1900,77.45598156985355,5.512588448247491,0,10.696067138390655,0,0.6582195162086556,3.044265262465032,5.677143327299654,0.3126542701991114
20686,963,20.2,NA,59,2,300,79.33541017653167,12.2533748701973,0,3.322949117341641,0,0.4153686396677051,6.12668743509865,4.672897196261682,0.3115264797507788
21050,18076,42.7,117551,225,13,5629.799999999999,94.35162646603231,1.255808807258243,0.03319318433281699,1.2502766098694402,0,0.7191856605443682,1.2447444124806373,2.3899092719628237,0.31145164859482183
20662,2590,44.5,76250,0,5,800.25,60.810810810810814,28.764478764478763,2.0463320463320462,1.0424710424710426,0,4.1312741312741315,0,3.2046332046332044,0.30897683397683395
21111,4838,49.5,140966,149,7,1470,95.99007854485325,0.847457627118644,0,0.0413393964448119,0,0.28937577511368334,3.079785035138487,2.8317486564696153,0.30384456386936753
20874,61922,37.4,108211,15796,45,18785.87,36.83343561254481,23.403636833435613,0.19056232033849035,17.536578275895483,0,8.691579729336908,25.50951196666774,13.344207228448694,0.30337957430315554
21014,37097,41.4,109366,1650,35,11144.3,82.9420168746799,5.062403967975848,0.05930398684529747,3.566326118014934,0.301911205757878,1.6793810820281962,4.44779901339731,6.388656764697955,0.30040973663638565
20622,5471,45,121908,236,5,1631.2,78.92524218607203,7.548894169256077,0.12794735880095048,3.0341802229939683,0,0.5117894352038019,4.313653811003473,9.851946627673186,0.29815390239444345
21140,4255,43.8,141411,309,3,1251.31,92.45593419506463,0.282021151586369,0,0.18801410105757932,0,1.9976498237367801,7.262044653349001,5.076380728554641,0.2940799059929495
21520,2056,42,67708,29,2,600,97.27626459143968,2.237354085603113,0.048638132295719845,0.048638132295719845,0,0,1.4105058365758756,0.38910505836575876,0.2918287937743191
21029,13817,42.8,238095,272,9,4019.04,42.81681985959325,9.358037200550047,0.1375117608742853,41.62263877831657,0.5500470434971412,1.1362813924875153,1.9685894188318738,4.37866396468119,0.2908764565390461
21842,10951,53.1,68626,724,15,3151.48,89.27038626609442,3.5704501871975167,0.10044744772166926,0.49310565245183086,0,2.666423157702493,6.611268377317139,3.8991872888320698,0.2877801114053511
20705,28660,35.7,102816,11052,13,8175.32,15.983949755757154,36.468946266573624,0.0732728541521284,10.914166085136078,0,29.65457083042568,38.56245638520586,6.905094207955338,0.28525191905094205
21161,5625,46.4,109848,56,6,1597.75,96.23111111111112,0.4977777777777778,0,0.3377777777777778,0,0,0.9955555555555556,2.933333333333333,0.28404444444444443
21666,14193,44.4,119154,427,11,3898.29,88.11385894455013,4.741774113999859,0,1.9093919537800323,0,0.20432607623476362,3.008525329387726,5.030648911435215,0.27466286197421264
20722,6218,37.4,82241,2946,3,1662.51,17.594081698295273,33.12962367320682,3.377291733676423,3.7954326149887425,0.32164683177870695,33.193953039562565,47.37857832100354,8.587970408491476,0.2673705371502091
21722,6709,43.5,84906,139,5,1750,94.3359666120137,0.9688478163660754,0,1.475629751080638,0,0.2384856163362647,2.0718437919212995,2.981070204203309,0.26084364286778955
21911,10804,42.4,88583,760,8,2798.26,88.48574601999259,0.9811181044057756,0.15734912995186967,2.4157719363198815,0,3.9614957423176604,7.034431691965938,3.9985190670122175,0.2590022213994817
21239,28417,37.8,62547,1011,12,7275.14,14.681352711405147,76.76390892775451,0.07741844670443748,2.421085969666045,0,0.7530703452158919,3.5577295280993773,5.303163599253968,0.25601365379878244
21157,39816,41.1,96406,2044,28,10108.1,89.28320273256982,3.8627687361864576,0.18836648583484028,0.8263009845288327,0.00753465943339361,2.034358047016275,5.133614627285513,3.79746835443038,0.25387030339561983
21214,21510,41.2,77398,566,13,5315.23,35.20688052068805,58.87959088795909,0.6694560669456067,0.43700604370060436,0.037192003719200374,0.9251510925151092,2.6313342631334264,3.8447233844723385,0.24710506741050672
21915,2469,55.3,87841,166,4,604.76,92.4260834345889,0.5265289590927501,1.4985824220332118,0,0,1.0530579181855002,6.723369785338193,4.495747266099635,0.24494127176994734
21228,50268,42.7,102592,2855,67,12287.72,57.79024429060237,20.124134638338507,0.21683774966181268,13.207209357841968,0.21882708681467333,2.6557650990689905,5.679557571417203,5.78698177767168,0.2444441791994907
20620,1325,46.8,154128,333,3,320,55.77358490566038,10.716981132075471,0,3.471698113207547,0,0,25.132075471698112,30.037735849056602,0.24150943396226415
21655,4753,42.7,78000,96,2,1122.5,81.86408584052177,8.878602987586786,0.12623606143488322,0.4628655585945719,0,2.987586787292236,2.0197769829581316,5.680622764569746,0.23616663160109405
20715,26244,42.3,139056,2418,27,6143.0199999999995,45.60661484529797,38.08489559518366,0.1371742112482853,4.218106995884774,0,5.296448712086573,9.213534522176497,6.656759640298734,0.23407331199512268
21822,2686,36.5,42346,24,2,627.5,60.75949367088608,34.5867460908414,1.6753536857781088,0,0,0,0.8935219657483247,2.9784065524944157,0.2336187639612807
20886,34692,37.9,94586,12012,21,8090,36.08901187593682,22.846765824974057,0.4640839386602098,13.55067450709097,0,16.044044736538684,34.624697336561745,11.005419116799262,0.23319497290441601
21090,10346,38,118048,307,6,2400,84.09046974676203,6.2826213029190034,0,4.330175913396482,0,1.0052194084670405,2.967330369224821,4.291513628455442,0.2319737096462401
21793,10882,42.6,125203,1276,4,2446.39,78.66201065980518,8.353243888990994,0.23892666789193162,2.591435397904797,0,1.6265392391104576,11.725785701157875,8.527844146296637,0.22481069656313177
20879,27489,36.1,100324,9140,17,6001.71,36.814725890356144,20.41543890283386,0.632980464913238,13.849176034049984,0.1345992942631598,19.189493979409946,33.249663501764346,8.96358543417367,0.2183313325330132
21727,6588,28.4,82636,589,4,1405,81.17789921068609,8.060109289617486,0.7741347905282332,0.4857316332726169,0.10625379477838494,2.185792349726776,8.940497874924104,7.210078931390407,0.21326654523375835
20745,29355,38.4,77869,7547,10,6206.18,7.249190938511327,63.1033895418157,0.6370294668710611,3.774484755578266,0.0510986203372509,20.0340657468915,25.7094191790155,5.150740929994891,0.2114181570430932
21060,38418,37.4,95596,3904,25,7869.0999999999995,62.84293820604925,22.031339476287158,0.7444427091467541,3.7664636368368996,0.17700036441251496,4.65667135197043,10.161903274506741,5.781144255296996,0.20482846582331196
21710,4988,48.3,158918,280,5,1017,86.52766639935847,5.513231756214916,0.32076984763432237,2.0850040096230953,0,0.14033680834001605,5.613472333600641,5.41299117882919,0.20388933440256615
21769,12562,42.5,142887,359,8,2560,85.46409807355516,1.894602770259513,0.07164464257283872,5.0469670434644165,0,0.652762298996975,2.8578251870721223,6.869925171151091,0.20378920554051902
21043,47309,38.5,145000,2792,37,9635.47,51.57158257414023,11.858208797480394,0.22405884715381852,24.747933796951955,0,2.8958549113276546,5.90162548352322,8.702361072945951,0.2036709716967173
21758,4610,39,103081,306,6,925.49,82.40780911062907,6.442516268980477,0.1301518438177874,2.472885032537961,0,0.10845986984815618,6.637744034707159,8.43817787418655,0.20075704989154014
20770,28458,35.9,80876,4467,25,5711.5,20.55660974067046,51.012017710309934,0.5376344086021506,10.320472274931477,0,11.750650080820858,15.696816360952983,5.822615784665121,0.2006992761262211
21813,2927,47.4,103387,55,4,587.25,85.61667236077895,6.217970618380594,0,0.0341646737273659,0,1.400751622822002,1.8790570550051247,6.730440724291083,0.20063204646395627
20833,7949,46.6,195564,940,7,1583.5,65.74411875707636,9.938357026041011,0.3648257642470751,9.510630267958234,0,3.648257642470751,11.82538684111209,10.793810542206566,0.19920744747767014
20772,52596,42.2,131973,3323,25,10369.81,12.255684842953837,77.46216442315004,0.34793520419803786,1.2320328542094456,0.14639896570081376,4.47752680812229,6.317970948361092,4.078256901665526,0.1971596699368773
20744,55820,44.2,121068,9056,28,10929.86,9.613041920458617,67.10318882121103,1.5836617699749194,4.743819419562881,0,11.452884270870655,16.223575779290577,5.503403797921892,0.19580544607667505
21084,7366,50.6,114200,119,6,1426,91.569372793918,0.9231604670105892,0,3.25821341297855,0,0.4344284550638067,1.615530817268531,3.814824871029052,0.19359218028780886
20634,7853,33.1,131042,349,4,1505.13,56.25875461607029,32.95555838533045,0,2.2666496880173184,0,1.8591621036546542,4.444161466955303,6.659875206927289,0.19166305870368014
21075,36176,33.9,126378,3744,13,6884.56,42.674701459531185,25.69106590004423,0.16032728881026095,20.306280406899603,0,3.435979655019903,10.349402919062362,7.731645289694826,0.1903073861123397
21122,61444,39.4,118302,3017,38,11673.7,82.21144456741098,7.196797083523208,0.22622225115552375,1.9237028839268275,0,2.0360002603997134,4.910162098821691,6.405832953583751,0.18998925851181564
20676,2897,50,161071,78,3,550.3299999999999,88.33275802554367,6.4204349326889885,0,0,0,0,2.6924404556437693,5.246807041767346,0.18996548153261994
21784,37219,40.3,138923,1897,21,7053.29,81.78349767591821,6.609527391923479,0.49437115451785374,4.089309223783552,0.045675595797845185,1.1714446922270882,5.09685913108896,5.8061742658319675,0.1895077782852844
20774,51010,42.5,118595,1997,34,9642.79,5.389139384434424,86.54185453832581,0.09213879631444814,1.6879043324838268,0,1.958439521662419,3.9149186434032544,4.330523426779063,0.18903724759851012
20675,2060,51.5,128325,101,3,375,45.33980582524272,34.66019417475728,0,1.3106796116504855,0,6.067961165048544,4.902912621359223,12.62135922330097,0.1820388349514563
20735,39399,44.7,124371,3713,16,7156.42,8.21340643163532,77.48927637757303,0.3553389679941115,2.0888855047082413,0,7.119470037310592,9.4240970583009709,4.7336226807787,0.18163963552374426
21226,5902,36.4,71500,404,2,1052.5,57.4042697390715,19.97627922738055,0,4.913588614029143,0,6.50626906133514,6.8451372416130125,11.199593358183666,0.1783293798712301
21623,2187,37.5,69068,342,2,389.35,74.98856881572931,8.367626886145404,0.411522633744856,1.3260173754000915,0,11.979881115683586,15.637860082304528,2.9263831732967533,0.17802926383173298
20657,21054,35.4,110669,1142,13,3729,79.52408093473923,12.591431556948798,0.09024413413128146,0.9784364016338938,0.04274722143060701,0.8976916500427472,5.4241474304170225,5.87536810107343,0.17711598746081506
21801,30766,37.2,65750,1809,10,5433.5,54.72274588831827,33.73854254696743,0.1560163817200806,2.844048625105636,0,3.4031073262692586,5.879867386075538,5.135539231619321,0.1766072937658454
21788,11412,47.9,90091,426,11,1965,93.84858044164038,0.8762705923589205,0.13144058885383808,0.4468980021030494,0,1.2355415352260777,3.732912723449001,3.4612688398177354,0.17218717139852788
21071,526,37.7,NA,0,1,90,98.47908745247148,0,1.520912547528517,0,0,0,0,0,0.17110266159695817
21778,880,54.6,76063,0,1,150.2,100,0,0,0,0,0,0,0,0.17068181818181816
21144,37041,36.6,127055,3478,25,6281.67,47.51221619286736,32.94727464161335,0.37525984719634997,7.459301854701547,0,3.679706271428957,9.389595313301477,8.026241192192435,0.16958694419697093
21015,30485,40.1,135454,1365,15,4929.8,81.11530260783992,6.980482204362802,0.013121207151057896,5.0582253567328195,0,1.4630145973429556,4.477611940298507,5.369854026570445,0.16171231753321305
21154,7059,49.4,115000,48,6,1140.28,93.42683099589178,3.7115738773197333,0,0.5666525003541578,0.26915993766822494,0,0.6799830004249894,2.0257826887661143,0.16153562827595977
21713,9999,45.3,96555,165,10,1596.5900000000001,92.38923892389239,4.390439043904391,0,2.1702170217021703,0.1000100010001,0.15001500150015,1.65016501650165,0.8000800080008,0.1596749674967497
20737,24438,31.9,85752,14128,7,3814.17,20.230788116867174,26.945740240608888,0.9575251657255094,3.8873884933300595,0,41.656436696947374,57.81160487764956,6.322121286520992,0.15607537441689173
21061,55172,36.4,79778,4822,23,8538.369999999999,54.197781483361126,27.883709127818456,0.29362720220401656,4.255781918364388,0.1015007612557094,5.125788443413326,8.739940549554122,8.141811063582976,0.15475911694337705
21158,23011,42.1,109076,750,12,3408,90.17861022989005,1.7861022989005257,0,2.3510494980661423,0,1.0125592108122203,3.259310764417018,4.67167876233106,0.14810308113510928
20689,1884,47.6,174750,27,1,275,78.13163481953292,20.276008492569,0,0,0,0.5307855626326964,1.4331210191082804,1.0615711252653928,0.1459660297239915
21220,42652,37.4,77571,2711,13,6134.05,59.108599831191974,25.70571133827253,0.4853230798086842,5.64100159429804,0.08440401387977117,3.845071743411798,6.3560911563349904,5.1298883991372035,0.14381623370533622
21001,25908,35.8,76250,2429,8,3683.8999999999996,61.13941639647985,24.000308784931295,0.21614945190674695,3.5008491585610626,0,3.8482322062683343,9.375482476455149,7.29504400185271,0.14219160104986875
21918,4462,42.7,78691,121,2,630,90.04930524428507,2.2411474675033616,0.47064096817570594,0.2689376961004034,0,0.20170327207530256,2.7117884356790674,6.768265351860152,0.14119229045271178
21770,7786,41.4,175809,204,6,1075.4,75.27613665553558,10.05651168764449,0,10.12072951451323,0,0.7449267916773696,2.6200873362445414,3.8016953506293345,0.13811970202928334
21791,4855,42.6,88984,45,4,668,95.09783728115345,1.0916580844490216,0.10298661174047373,1.6683831101956745,0.20597322348094746,0.5355303810504635,0.9268795056642637,1.297631307929969,0.1375901132852729
21613,17945,42.6,51094,1187,16,2453,52.45472276400112,33.608247422680414,0,1.9838395096127055,0,3.1819448314293677,6.614655893006409,8.7712454722764,0.13669545834494287
21048,9759,46.8,125098,279,2,1300,88.7693411210165,3.1253202172353722,0,3.5864330361717394,0,0.23567988523414285,2.858899477405472,4.283225740342248,0.1332103699149503
21215,53674,42.6,49523,1885,8,7035,18.014308603793268,75.22450348399597,0.07266087863770168,1.2613183291724113,0.03167269068822894,2.081082088161866,3.5119424674889146,3.314453925550546,0.13106904646570033
21155,3063,36.3,129231,67,3,395,95.29872673849168,1.7303297420829251,0,1.2732615083251715,0,0.5550114267058439,2.187397975840679,1.1426705843943845,0.12895853738165197
21795,9772,40.9,84833,225,9,1252,87.01391731477692,4.124027834629554,0.08186655751125665,0.9209987720016374,0,0.5321326238231682,2.3024969300040934,7.327056897257471,0.12812116250511665
20871,27420,37.4,162472,3012,11,3439.08,33.52662290299052,16.2253829321663,0.47410649161196206,37.4434719183078,0.06929248723559446,5.328227571115974,10.98468271334792,6.932895696571845,0.1254223194748359
21561,2517,56,72159,27,2,312.5,93.76241557409615,0.9137862534763607,0,0,0.6356773937226857,0.9932459276916964,1.0727056019070322,3.6948748510131106,0.12415574096146206
20706,43797,38.5,99555,10252,13,5431.5,8.119277576089686,61.707422882845854,0.31280681325204923,5.785784414457611,0.04109870539078019,16.049044455099665,23.407995981459916,7.98456515286435,0.12401534351667923
21054,15687,40.8,152232,1009,11,1942.6,61.50953018422898,13.826735513482502,0.3314846688340664,9.128577803276599,0,4.398546567221266,6.432077516414866,10.805125262956588,0.12383502263020335
21774,15096,37.1,159542,810,5,1826.03,82.55829358770535,3.6301006889242182,0.271595124536301,3.510863804981452,0,0.27821939586645467,5.365659777424484,9.75092739798622,0.1209611817700053
20603,32495,38.5,132753,3093,14,3853.5,22.738882905062315,61.107862748115096,0.33235882443452835,5.6501000153869825,0,2.3018925988613637,9.518387444222189,7.868902908139713,0.11858747499615326
21229,44332,38.2,52692,1800,21,5203.68,18.142650906794188,74.2059911576288,0.11955246774339078,2.422629252007579,0,1.337634214562844,4.060272489398177,3.771542001263196,0.11737977082017505
21550,13640,47.4,61824,108,9,1596.05,96.5542521994135,0.5351906158357771,0.10263929618768329,0.5718475073313782,0,0.6158357771260997,0.7917888563049853,1.6202346041055717,0.1170124633431085
21771,31653,41.6,148909,2015,20,3638.92,87.09758948598869,4.264998578333807,0.05686664771111743,1.939784538590339,0.04422961488642467,1.9113512147347804,6.365905285438979,4.685179919754842,0.11496287871607747
21767,873,48.4,44531,27,1,100,95.07445589919816,0.572737686139748,0,0,0,0,3.0927835051546393,4.352806414662084,0.1145475372279496
20712,9630,39,64674,3674,7,1068,19.979231568016615,42.84527518172378,0,1.1838006230529596,0,29.989615784008304,38.15160955347871,6.0020768431983385,0.11090342679127727
20707,36352,39,97720,5731,15,3961.35,22.312389964788732,47.18034771126761,0.6959727112676056,11.097051056338028,0,9.157680457746478,15.765294894366196,9.55655809859155,0.1089719960387324
21502,41291,43.5,56958,873,10,4488.52,84.61650238550774,9.629217020658256,0.17437213920709113,0.8476423433678042,0,0.21796517400886392,2.11426218788598,4.5143009372502485,0.10870456031580733
21740,62760,39.3,57150,5319,35,6806.88,70.59114085404717,17.28648820905035,0.20076481835564053,1.7590822179732315,0.16730401529636713,2.1112173358827278,8.475143403441683,7.884002549394518,0.10845889101338432
21087,5597,52.4,113472,38,5,603.35,95.35465427907808,1.1256030016080043,0.3394675719135251,0.2501340003573343,0,0.6968018581382884,0.6789351438270502,2.2333392889047703,0.10779882079685546
20607,12080,42.8,151475,257,8,1245,18.683774834437088,65.7615894039735,0.7698675496688742,5.347682119205298,0,0.9685430463576159,2.127483443708609,8.468543046357615,0.10306291390728477
20716,22340,42,119507,1776,8,2284.75,18.858549686660698,68.69740376007162,0.4521038495971351,2.900626678603402,0,3.6347358997314236,7.949865711727842,5.456580125335721,0.10227170993733214
20866,16680,38.3,137990,2376,3,1703,21.552757793764986,46.06714628297362,0.42565947242206237,18.507194244604317,0,6.3549160671462825,14.244604316546763,7.09232613908873,0.10209832134292567
21787,10879,41,83669,472,6,1080.35,90.18292122437724,6.746943652909275,0,0.753745748690137,0,0.10111223458038424,4.338634065631032,2.215277139442964,0.09930600238992554
20646,21248,43.1,130168,816,9,2008.5,66.8910015060241,24.246987951807228,0.48004518072289154,2.654367469879518,0,1.120105421686747,3.8403614457831323,4.607492469879518,0.0945265436746988
21901,19938,36.3,105876,466,6,1789.31,87.39091182666266,5.953455712709399,0.08526431939010934,2.1215768883538972,0,0.6670679105226202,2.3372454609288793,3.7817233423613197,0.08974370548700973
21076,22041,35.9,137237,1528,9,1975,43.20130665577786,33.269815344131395,0.26314595526518764,11.637403021641486,0.09073998457420263,3.8383013474887706,6.93253482146908,7.699287691121093,0.08960573476702509
21783,9866,42.5,94432,180,3,868,93.81714980741943,1.804175957834989,0,0.8716805189539835,0,0.08108655990269613,1.824447597810663,3.4259071558889116,0.0879789174944253
21703,39606,35.5,103028,8684,19,3358.67,59.912639499065804,14.884108468413876,0.4973993839317275,9.132454678584052,0.06312174922991465,3.900924102408726,21.925970812503156,11.609352118365903,0.08480205019441499
21234,66095,40.5,80692,2585,26,5495,60.21938119373629,29.723882290642255,0.17701792873893638,4.6009531734624405,0,1.1392692336787957,3.91103714350556,4.139496179741282,0.08313790755730388
21851,7072,47.5,47901,204,3,581,57.720588235294116,36.84954751131222,0,1.2160633484162897,0,1.0322398190045248,2.8846153846153846,3.1815610859728505,0.08215497737556561
21237,30983,40.5,84118,2510,9,2511.88,44.434044476002974,38.421069618823225,0.3679437110673595,8.488525965852242,0.42604008649904784,2.8886808895200593,8.101216796307654,4.973695252235097,0.08107284639963852
21532,13229,33.5,55761,350,6,1069.32,87.8070904830297,7.218988585682968,0.13606470632700884,1.8293143850631188,0.022677451054501474,0.6122911784715398,2.645702623025172,2.373573210371154,0.08083150653866505
21074,15146,40.7,96367,409,4,1197.5,89.30410669483692,3.519080945464149,0.04621682292354417,2.436286808398257,0,1.9939257889871915,2.7003829393899377,2.7003829393899377,0.0790637792156345
20723,35845,36.7,128226,3428,12,2765.94,39.93862463384015,31.293067373413308,0.10322220672339238,16.063607197656577,0,5.998047147440368,9.56339796345376,6.603431440926211,0.07716390012554053
20602,28988,34.9,102536,2242,6,2185.7200000000003,22.53001241893197,64.1886297778391,0.38981647578308265,1.9559817855664414,0,2.3285497447219536,7.7342348558024,8.607009797157444,0.07540085552642474
20653,27053,34.7,96650,1971,11,1999.03,58.551731785753894,24.20433962961594,0,5.134365874394707,0,2.3472442982294015,7.285698443795513,9.762318412006062,0.07389309873211844
20732,10676,43,130008,306,4,731.4,77.2573997751967,10.443986511802173,0.32783814162607716,4.083926564256276,0,0.2529037092544024,2.8662420382165608,7.6339452978643685,0.06850880479580367
20616,6792,37.4,118864,431,4,460,13.015312131919906,75.63309776207304,0,2.65017667844523,0,1.4723203769140165,6.345700824499412,7.229093050647821,0.06772673733804475
20637,6221,44,141382,248,2,419.63,56.38964796656486,28.178749397203024,1.125221025558592,2.4915608423083104,0,0,3.9864973476932972,11.814820768365214,0.0674537855650217
20678,12874,38.5,115710,940,4,853.25,71.94345191859563,16.83237533012273,0.17088705918906325,2.3147428926518563,0,1.5768215006990833,7.301537983532702,7.161721298741649,0.06627699238775828
21236,38632,38.6,91855,1875,14,2496.8,57.94677987160903,19.874715261958997,0.173431352246842,15.792607165044522,0,1.9905777593704699,4.853489335266101,4.221888589770139,0.06463035825222614
21207,51765,37.8,59822,3645,14,3322.74,9.904375543320777,79.37409446537235,0.20090794938665119,2.293055153095721,0.25886216555587754,4.188158021829421,7.041437264560997,3.7805467014391962,0.06418893074471167
21562,3248,40.6,57693,59,2,200,98.15270935960592,0.5849753694581281,0,0.33866995073891626,0,0,1.816502463054187,0.9236453201970444,0.06157635467980296
20710,9781,33.6,58884,3103,1,600,3.9566506492178717,65.63746038237399,0,0.5111951743175545,0,24.61915959513342,31.724772518147425,5.275534198957161,0.06134342091810653
21133,32070,45.1,83305,1954,13,1943.51,11.780480199563454,78.92734642968506,0.22762706579357658,2.020579981290926,0.015590894917368257,2.3729342064234484,6.092921733707515,4.655441222326162,0.06060212036170876
20783,50387,32,79040,33883,10,2996,8.861412665965428,23.27981423779943,0.4644055014190168,3.2349613987734935,0.04961597237382659,58.16976601107429,67.24551967769465,5.940024212594518,0.05945978129279378
21227,35052,37.2,78626,3248,9,2046,64.61542850621933,18.141618167294304,0.13408650005705808,4.624557799840237,0,7.2948761839552665,9.266233025219673,5.189432842633801,0.058370421088668266
21205,14684,32.8,38211,2244,3,845,16.609915554344866,63.38872241895941,0.074911468264778,3.1054208662489784,0.006810133478616181,9.391174067011713,15.28193952601471,7.423045491691638,0.05754562789430673
21777,2360,38.3,126944,356,1,132.5,70.29661016949153,12.754237288135592,0.1694915254237288,5.677966101694915,0,2.457627118644068,15.084745762711865,8.64406779661017,0.05614406779661017
21919,3451,51.3,101806,0,1,183.5,98.60909881193857,0.4056795131845842,0,0.6954505940307157,0,0,0,0.28977108084613157,0.053172993335265144
21921,45081,39.4,80999,2515,15,2361.99,79.01111332934052,9.702535436214815,0.031055211729997118,1.4729043277655776,0.07985625873427829,2.7195492557840333,5.578846964353054,6.982986180430781,0.05239435682438277
21776,6434,40.7,106823,124,2,333.44,91.31178116257382,3.3882499222878457,0,0.5906123717749456,0,1.056885296860429,1.9272614236866645,3.652471246502953,0.05182468138016786
21009,32565,36.9,108703,1579,10,1592.28,72.9064947029019,17.230155074466452,0.07062797481959159,3.933671119299862,0,1.4094887148779365,4.848764010440657,4.44956241363427,0.048895439889451865
20724,18345,33.8,105757,3435,3,875,32.27582447533388,45.44562551103843,3.2651948759880076,5.65276642136822,0,8.023984736985556,18.724448078495502,5.336603979285909,0.047696920141727994
20619,13925,34.8,110960,1335,3,636.22,73.85996409335726,12.409335727109514,0.12208258527827648,1.9461400359066425,0,4.926391382405745,9.587073608617594,6.736086175942549,0.04568904847396769
20794,16035,37.8,111200,1918,6,724.75,40.124727159338946,43.28656064858123,0.32429061428125977,5.999376364203305,0.037418147801683815,3.3863423760523856,11.961334580604927,6.841284689741191,0.04519800436545058
21838,2219,46.9,85929,94,1,100,83.2356917530419,10.004506534474988,0,0,0,2.974312753492564,4.23614240648941,3.7854889589905363,0.04506534474988734
21160,2716,47.8,108424,26,1,120,94.91899852724595,1.4727540500736376,0.4418262150220913,3.166421207658321,0,0,0.9572901325478645,0,0.044182621502209134
21530,1783,46.9,57115,38,1,75,97.75659001682557,0.7291082445316881,0,0,0,1.233875490745934,2.131239484015704,0.28042624789680315,0.04206393718452047
21629,9988,39.5,65541,188,2,400,79.55546655987185,14.897877452943531,0.0500600720865038,0.1802162595114137,0,1.511814177012415,1.8822587104525432,3.8045654785742893,0.040048057669203045
20695,11455,40.2,121528,431,3,457.05,28.92186817983413,57.54692274116107,0,2.610213880401571,0,3.0117852466171975,3.7625491051942386,7.909209951986032,0.03989960715844609
20743,38692,38.6,73023,4907,5,1529,3.9930735035666283,82.91636514008064,0.39543057996485065,0.6383748578517523,0,9.151762638271476,12.682208208415178,2.9049932802646543,0.03951721286053965
21206,51020,36.5,61572,1605,8,1900.56,22.551940415523326,72.03841630733045,0.03920031360250882,1.6522932183457468,0.07252058016464132,1.4739317914543315,3.1458251666013326,2.1716973735789886,0.03725127401019208
21085,16590,43.8,100573,740,4,594.09,76.99216395418928,16.232670283303193,0.13863773357444242,1.4165159734779988,0,2.2724532851115127,4.460518384569018,2.9475587703435804,0.03581012658227848
21047,13419,45.1,150593,732,5,462.89,86.58618376928237,2.0716893956330575,0,5.454951933825173,0,0.14904240256352932,5.454951933825173,5.738132498695879,0.034495118861316044
21782,4389,42.1,82256,23,1,150,97.60765550239235,0,0.09113693324219639,0.4329004329004329,0,0.3189792663476874,0.5240373661426293,1.5493278651173388,0.03417634996582365
21826,5569,28.7,60513,544,1,175,65.09247620757766,24.474771054049203,0.6643921709463099,2.8012210450709283,0,2.908960316035195,9.768360567426827,4.0581792063207045,0.031423954031244386
21040,25110,36.8,86195,1778,4,764.95,37.801672640382314,47.33174034249303,0.2588610115491836,1.4814814814814816,0,1.8239745121465551,7.080844285145361,11.302270011947432,0.030463958582238153
21162,4322,37.6,138654,211,2,130,76.23785284590467,14.322073114298936,0,2.4988431281813974,0,1.2494215640906987,4.881999074502545,5.691809347524295,0.03007866728366497
20747,39279,38.7,71259,3059,7,1055.47,2.1665521016319156,86.67226762392119,0.8732401537717356,0.7790422363094783,0.33860332493189743,4.694620535146007,7.787876473433641,4.4756740242877875,0.026871101606456376
21617,10401,41.6,116827,154,2,273,87.8665512931449,7.172387270454764,0,1.442169022209403,0,1.9709643303528508,1.4806268628016537,1.5479280838380924,0.026247476204211133
20618,1087,57.9,78654,24,1,25,49.494020239190434,47.65409383624655,0,1.1039558417663293,0,0,2.2079116835326587,1.7479300827966882,0.022999080036798528
21639,4734,35.4,56173,753,1,105,75.98225602027884,7.37220109843684,5.344317701732151,0.10561892691170256,0,0.4013519222644698,15.906210392902409,10.794254330376003,0.022179974651457542
21660,4100,39.1,78922,293,1,90,74.29268292682927,17.902439024390244,0,1.75609756097561,0,1.4146341463414636,7.146341463414633,4.634146341463414,0.02195121951219512
20640,10629,37.4,88750,439,1,232.4,37.75519804308966,54.70881550475115,0.30106312917489886,2.3520556966788972,0.07526578229372471,0.8843729419512654,4.130209803368143,3.923228902060401,0.021864709756327032
21863,4913,40.3,67107,171,1,100,69.87583960920009,22.409932831263994,0,1.8929371056381028,0,0.18318746183594548,3.4805617748829634,5.638102992061877,0.02035416242621616
21221,43822,41.4,68140,2407,6,794.72,60.00867144356717,30.388845785222035,0.1391994888412213,1.7365706722650722,0,1.5357582949203596,5.492674912144585,6.190954315184154,0.018135183241294327
20714,4767,34.7,86534,219,2,75,72.2886511432767,14.99895112229914,0.35661841829242713,4.090623033354311,1.0279001468428781,0.9020348227396686,4.594084329767149,6.335221313194881,0.015733165512901194
21638,5064,47.1,116953,159,2,75,80.98341232227489,7.2274881516587675,0,0,0.2962085308056872,1.6587677725118484,3.139810426540284,9.834123222748815,0.01481042654028436
20748,40763,40,79381,3553,7,600,5.078134582832471,84.38289625395579,0.09076858916173981,1.1333807619655079,0,5.742953168314402,8.716237764639502,3.5718666437700857,0.014719230674876727
21128,15934,40,122021,634,1,225,66.60599974896448,13.411572737542363,0,14.026609765281787,0,0.3200702899460274,3.978913016191791,5.635747458265344,0.014120748085854149
21222,60013,36.5,60483,8015,6,819.1,66.35229033709363,18.276040191291887,1.0797660506890174,2.1911919084198423,0,6.301967906953493,13.355439654741472,5.79874360555213,0.013648709446286638
96734,51966,36.8,121536,6035,1,669.61,47.34249316861025,1.441327021514067,0.4214293961436324,18.487087711195784,4.327829734826618,2.2091367432552054,11.613362583227495,25.770696224454454,0.012885540545741446
21244,39501,34.8,80335,3434,6,423,11.799701273385484,73.10447836763626,0,7.308675729728361,1.1265537581327054,4.361914888230678,8.693450798713958,2.2986759828865093,0.010708589655958077
20007,23797,38.4,145048,3161,1,250,77.23662646552086,5.265369584401395,0.021011051813253773,5.8116569315459925,0.15127957305542716,2.1305206538639325,13.283186956339035,9.383535739799134,0.010505525906626886
21053,3051,40.9,99513,147,2,31.05,91.31432317273025,3.2120616191412656,0.19665683382497542,0,0,0.3605375286791216,4.818092428711897,4.916420845624385,0.010176991150442478
20746,28078,41.2,78754,1373,4,240.66,4.911318469976494,86.622978844647065,0.08547617351663224,1.5350096160695206,0,2.8385212621981624,4.889949426597337,4.006695633592136,0.008571123299380298
21219,9605,44.9,116000,50,3,68,86.49661634565331,3.5502342529932327,0.1665799062988027,7.006767308693389,0,0,0.5205622071837585,2.77980218636127,0.007079646017699115
21225,34872,35.2,49171,5669,1,234,35.75934847442074,43.5879788942418,1.0524202798807065,2.3199128240422118,0.028676301904106444,11.602431750401468,16.256595549437943,5.64923147510897,0.006710254645560908
20755,10011,27.2,94110,1520,1,65.92,48.24692837878334,24.852662071721106,0.159824193387274,7.761462391369493,0.3296373988612526,3.6260113874737785,15.183298371791029,15.023474178403756,0.006584756767555689
21102,12024,44.5,110503,268,2,60,93.562874251497007,1.5385894876912842,0.8233532934131738,0.8566200931470394,0,0.024950099800399198,2.228875582168995,3.1936127744510974,0.00499001996007984
21017,6177,36.5,96424,220,1,25,68.13987372510928,23.44180022664724,0,1.570341589768496,0.12951270843451515,1.4084507042253522,3.561599481949166,5.3100210458151205,0.0040472721385785984
20784,32191,35.7,80170,11795,2,100,10.189183312105868,53.86288092945233,0.31996520766673914,1.857662079463204,0,29.08887577273151,36.64067596533192,4.681432698580348,0.003106458326861545
21612,557,70,110778,32,1,1.7,93.17773788150808,0,0,0,0,0,5.745062836624776,6.822262118491921,0.003052064631956912
20623,2457,49.5,116475,52,1,7,5.046805046805047,89.13308913308914,0,0,0,0.5698005698005698,2.1164021164021163,5.25030525030525,0.002849002849002849
21213,28862,37.3,47870,813,3,61,7.442311690111565,87.64118910678401,0.20442103804310163,0.1212667174831959,0,2.2694199986140946,2.8168526089668076,2.321391448964036,0.002113505647564271
21223,20728,39.2,35541,915,1,1,16.108645310690854,74.13643380934002,0.12060980316480124,1.1578541103820919,0,2.807796217676573,4.414318795831726,5.668660748745658,4.8243921265920496e-5
20725,NA,NA,NA,NA,9,6894.9000000000005,NA,NA,NA,NA,NA,NA,NA,NA,NA
20859,NA,NA,NA,NA,4,2541.9,NA,NA,NA,NA,NA,NA,NA,NA,NA
21843,NA,NA,NA,NA,4,879.28,NA,NA,NA,NA,NA,NA,NA,NA,NA
20875,NA,NA,NA,NA,2,225,NA,NA,NA,NA,NA,NA,NA,NA,NA
21139,NA,NA,NA,NA,2,234,NA,NA,NA,NA,NA,NA,NA,NA,NA
NA,NA,NA,NA,NA,1,405,NA,NA,NA,NA,NA,NA,NA,NA,NA
20704,NA,NA,NA,NA,1,200,NA,NA,NA,NA,NA,NA,NA,NA,NA
20741,NA,NA,NA,NA,1,135,NA,NA,NA,NA,NA,NA,NA,NA,NA
20750,NA,NA,NA,NA,1,500,NA,NA,NA,NA,NA,NA,NA,NA,NA
20775,NA,NA,NA,NA,1,135,NA,NA,NA,NA,NA,NA,NA,NA,NA
20824,NA,NA,NA,NA,1,75,NA,NA,NA,NA,NA,NA,NA,NA,NA
20849,NA,NA,NA,NA,1,130,NA,NA,NA,NA,NA,NA,NA,NA,NA
20898,NA,NA,NA,NA,1,100,NA,NA,NA,NA,NA,NA,NA,NA,NA
20907,NA,NA,NA,NA,1,300,NA,NA,NA,NA,NA,NA,NA,NA,NA
20916,NA,NA,NA,NA,1,88.16,NA,NA,NA,NA,NA,NA,NA,NA,NA
20917,NA,NA,NA,NA,1,500,NA,NA,NA,NA,NA,NA,NA,NA,NA
20950,NA,NA,NA,NA,1,48,NA,NA,NA,NA,NA,NA,NA,NA,NA
21022,NA,NA,NA,NA,1,2000,NA,NA,NA,NA,NA,NA,NA,NA,NA
21041,NA,NA,NA,NA,1,771.15,NA,NA,NA,NA,NA,NA,NA,NA,NA
21241,NA,NA,NA,NA,1,211.7,NA,NA,NA,NA,NA,NA,NA,NA,NA
21569,NA,NA,NA,NA,1,27.95,NA,NA,NA,NA,NA,NA,NA,NA,NA
21604,NA,NA,NA,NA,1,3300,NA,NA,NA,NA,NA,NA,NA,NA,NA
29755,NA,NA,NA,NA,1,300,NA,NA,NA,NA,NA,NA,NA,NA,NA
