contributor_zip,total_population,median_age,median_income,num_donations,total_amt_donated,white_alone_percent,black_alone_percent,native_american_percent,asian_alone_percent,hawaiian_pacific_percent,other_race_percent,two_or_more_races_percent,amt_donated_per_resident
21023,68,62.7,76131,3,14600,100,0,0,0,0,0,0,214.7058823529412
21031,26,NA,NA,1,5000,0,100,0,0,0,0,0,192.30769230769232
21056,318,66.5,250001,13,22771.02,100,0,0,0,0,0,0,71.60698113207548
21285,10,NA,NA,1,500,100,0,0,0,0,0,0,50
21051,113,39.3,NA,3,4820.5,100,0,0,0,0,0,0,42.65929203539823
21654,1260,67.7,77288,20,25772.55,89.68253968253968,3.015873015873016,0,0.2380952380952381,0,0.15873015873015872,6.904761904761905,20.45440476190476
21679,255,68.5,NA,1,3300,100,0,0,0,0,0,0,12.941176470588236
21405,383,59,150208,4,4733.21,100,0,0,0,0,0,0,12.358250652741514
21930,27,NA,NA,1,312.3,100,0,0,0,0,0,0,11.566666666666666
21662,657,56.8,167647,3,6803.57,80.82191780821918,9.74124809741248,0,3.50076103500761,0,5.93607305936073,0,10.355509893455098
20758,542,55.1,112065,4,5550,91.69741697416974,8.302583025830259,0,0,0,0,0,10.239852398523984
20815,31080,46.3,185873,301,316366.69,77.99549549549549,7.136422136422136,0.22844272844272845,7.7992277992278,0,0.6692406692406693,6.171171171171172,10.17910842985843
21082,694,51.6,137399,1,6600,93.51585014409221,0,0,1.585014409221902,0,0,4.899135446685879,9.510086455331413
20896,840,53.2,250001,7,7100,84.76190476190476,0.9523809523809524,0,5.952380952380952,0,0,8.333333333333332,8.452380952380953
20817,37795,45.4,231292,198,284292.21,67.41897076332847,6.019314724169863,0.14816774705648897,15.650218282841646,0.0502711998941659,2.1404947744410636,8.57256250826829,7.521952903823258
21653,105,58.4,NA,2,750,100,0,0,0,0,0,0,7.142857142857143
20862,268,63.2,192083,3,1750,83.2089552238806,0,0,0,0,0,16.791044776119403,6.529850746268656
20759,6125,39.6,246618,31,36266,51.755102040816325,13.46938775510204,0,24.66938775510204,0,0.39183673469387753,9.714285714285714,5.920979591836734
20816,17390,45.1,228311,100,100733.18,80.27027027027027,3.438757906843013,0,6.854514088556642,0,1.36860264519839,8.067855089131685,5.792592294422081
20818,1787,50.5,211196,9,9953.02,61.66759932848349,5.260212646894236,0.11191941801902631,14.21376608841634,0,5.428091773922775,13.318410744264131,5.569681029658646
20854,49320,48.1,241697,193,259310.26,64.11192214111922,4.845904298459043,0.00202757502027575,21.46999188969992,0,1.8309002433090023,7.7392538523925385,5.257710056772101
21210,15005,31.4,114409,71,78861.1,63.94535154948351,15.694768410529825,0.11329556814395202,9.356881039653448,0.04665111629456848,3.5521492835721427,7.290903032322558,5.255654781739421
21663,3646,56.4,76667,14,18300,83.90016456390566,10.422380691168403,0,0.877674163466813,0,0,4.7997805814591334,5.019199122325836
21842,10951,53.1,68626,28,54950,89.27038626609442,3.5704501871975167,0.10044744772166926,0.49310565245183086,0,2.666423157702493,3.8991872888320698,5.017806593005205
20764,3280,49.4,112500,8,16450,78.29268292682927,13.963414634146343,0,1.951219512195122,0,1.5548780487804879,4.237804878048781,5.015243902439025
20860,2279,50.9,152768,10,10485.03,50.10969723562966,16.849495392716104,0,11.978938130759104,0,11.715664765247915,9.346204475647214,4.600715225976305
20814,30234,40.4,149657,138,136801.19,71.35013560891711,6.181782099622941,0.45974730435933053,11.665674406297546,0,1.1510220281801944,9.191638552622875,4.524746642852418
21401,40442,44,114699,117,164346.91,73.2283269867959,15.028930319964392,0.07170763068097523,3.555709411008358,0,3.3109143959250282,4.8044112556253395,4.0637681123584395
21035,8360,44.8,171185,32,33217.67,94.00717703349282,1.4832535885167464,0.11961722488038277,0.6339712918660286,0,1.8899521531100478,1.8660287081339715,3.9734055023923442
21601,23589,49.4,80434,69,85075.48,74.72550765187164,14.706007037178345,0.669803722073848,1.458306837932935,0,2.6495400398490823,5.790834711094154,3.6065742507100764
20861,3031,53.2,175250,8,10900,47.01418673705048,16.925107225338174,0,18.6077202243484,0,9.897723523589574,7.555262289673376,3.5961728802375452
20812,282,49.9,194375,2,1000,85.1063829787234,0.7092198581560284,0,1.0638297872340425,0,1.4184397163120568,11.702127659574469,3.5460992907801416
21658,3883,51.9,124375,10,13757.71,77.00231779551892,7.828998197270153,0.38629925315477726,0.7725985063095545,0,3.7342261138295134,10.275560133917075,3.54306206541334
21659,1225,51.1,68393,2,4300,76.24489795918367,21.714285714285715,0,1.6326530612244898,0,0,0.40816326530612246,3.510204081632653
20721,30785,47.2,162538,165,107553.33,6.733798928049374,86.36348871203509,0.16891343186616858,1.1596556764658112,0,0.7860971252233231,4.78804612636024,3.493692707487413
21032,8040,51.5,142202,21,24970.5,86.55472636815921,7.5621890547263675,0,1.4303482587064678,0,1.2064676616915424,3.2462686567164183,3.1057835820895523
21111,4838,49.5,140966,6,14750,95.99007854485325,0.847457627118644,0,0.0413393964448119,0,0.28937577511368334,2.8317486564696153,3.048780487804878
21208,37319,45.4,89702,61,102286.07,51.60642032208794,41.97057798976393,0.22508641710656768,1.7497789329831988,0,1.3933921058978,3.054744232160562,2.7408577400251883
21030,25133,36.9,92333,35,68012.03,59.344288385787614,17.467075160148013,0.07559781959972944,9.378108462976963,0,3.5093303624716508,10.225599809016035,2.706084828711256
20895,19273,42.1,165423,60,51774.29,71.90888808177243,5.126342551756343,0.8146111139936698,5.889067607533856,0.26980750272401804,4.514087064805686,11.477196077414,2.6863638250402118
20664,2780,37.9,93313,2,7350,65.50359712230215,17.12230215827338,5,1.4028776978417266,0,2.553956834532374,8.417266187050359,2.643884892086331
21409,20619,43.8,140236,39,50492.36,83.24361026237936,4.418255007517338,0.12124739318104662,2.4782967166205925,0,2.260051408894709,7.4785392114069555,2.44882681022358
20711,7435,40.2,86633,10,18158.2,64.8285137861466,12.616005379959649,0,0.4034969737726967,0,14.498991257565569,7.65299260255548,2.442259583053127
21403,32207,44.5,108759,79,76521.52,66.50417611078338,15.909584872853728,0.13351134846461948,1.1270841742478344,0.10246219765889403,10.696432452572422,5.526748843419132,2.3759282143633373
21153,676,57.8,NA,3,1600,90.08875739644971,0,0,2.9585798816568047,0,0,6.952662721893491,2.366863905325444
21734,861,59.1,52794,1,2000,99.65156794425087,0,0,0,0,0,0.34843205574912894,2.3228803716608595
21204,20188,34.8,92734,47,45636.83,69.99702793738855,17.50544878145433,0.23281157123043392,6.053100851991282,0.024767188428769567,0.5944125222904696,5.5924311472161685,2.260591935803448
20677,2055,50.2,156161,3,4554.1,77.37226277372264,13.284671532846716,0,2.7250608272506085,0,0.6812652068126521,5.9367396593673964,2.216107055961071
21212,33861,38.8,94014,40,73253.29,50.57736038510381,37.39995865449928,0.07087800124036503,3.8392250671864385,0.04429875077522814,1.901893033283128,6.166386107911757,2.1633528247836744
21036,2145,47.6,185195,5,4572.84,84.52214452214453,3.44988344988345,0,4.195804195804196,0,2.983682983682984,4.848484848484849,2.13186013986014
21017,6177,36.5,96424,5,12980.15,68.13987372510928,23.44180022664724,0,1.570341589768496,0.12951270843451515,1.4084507042253522,5.3100210458151205,2.1013679779828394
21738,3786,44.7,239821,9,7778.7,86.58214474379292,2.13946117274168,0,6.788166930797676,0,0.6867406233491812,3.8034865293185423,2.0545958795562598
21034,2958,51.8,85833,4,6000,94.7261663286004,0.676132521974307,0.16903313049357674,0.16903313049357674,0,0.0676132521974307,4.192021636240703,2.028397565922921
21037,21060,40.5,127554,32,42693.31,89.10731244064577,5.821462488129154,0,1.063627730294397,0,0.12345679012345678,3.8841405508072175,2.0272226970560303
21714,272,44,176736,1,550,91.54411764705883,0,0,8.455882352941178,0,0,0,2.0220588235294117
21757,2722,46.4,96250,2,5500,92.94636296840558,1.947097722263042,1.322556943423953,1.579720793534166,0,0,2.2042615723732553,2.020573108008817
20779,992,57.1,109931,3,2000,96.16935483870968,2.0161290322580645,0,0.7056451612903225,0,1.1088709677419355,0,2.0161290322580645
20688,1170,71.9,89295,8,2324.2,99.57264957264957,0.3418803418803419,0,0,0,0,0.08547008547008547,1.9864957264957264
21093,38961,46.6,120947,51,76804.57,80.08521341854676,4.550704550704551,0.1411668078334745,10.01001001001001,0.0282333615666949,0.5005005005005005,4.684171350838017,1.9713192679859348
20912,25823,37.3,80593,79,50813.51,36.15381636525578,34.60868218255044,0.6544553305193045,4.898733687023197,0,14.89369941524997,8.790613019401308,1.9677616853192892
21202,20115,33.3,59098,27,37684.49,34.49664429530201,53.64156102411136,0.23365647526721353,5.344270444941586,0.07954262987820035,1.4914243102162565,4.71290082028337,1.8734521501367138
20720,26253,40.9,158598,81,48264.82,14.044109244657754,69.80535557841009,0.045709061821506115,4.944196853692912,0,4.82611511065402,6.334514150763722,1.838449700986554
21766,544,58,55592,1,1000,96.50735294117648,0,0,0,0,0,3.4926470588235294,1.838235294117647
21057,4530,45.5,163462,5,7995.4,88.54304635761589,4.679911699779249,0.1986754966887417,2.185430463576159,0,1.2803532008830023,3.1125827814569536,1.764988962472406
20689,1884,47.6,174750,1,3300,78.13163481953292,20.276008492569,0,0,0,0.5307855626326964,1.0615711252653928,1.7515923566878981
21742,34549,41,80306,38,59050.25,75.20912327419028,10.561810761527106,0.09262207299777128,2.822078786650844,0.09262207299777128,1.913224695360213,9.308518336276014,1.7091739268864512
20630,307,54.8,193274,1,520.51,85.99348534201955,1.9543973941368076,0,0,0,0,12.052117263843648,1.6954723127035831
21029,13817,42.8,238095,22,23344.02,42.81681985959325,9.358037200550047,0.1375117608742853,41.62263877831657,0.5500470434971412,1.1362813924875153,4.37866396468119,1.6895143663602807
21131,7722,48.4,187500,9,12850,91.91919191919192,0.8676508676508676,0.6345506345506345,1.6058016058016058,0,1.1655011655011656,3.807303807303807,1.664076664076664
21666,14193,44.4,119154,15,23061.29,88.11385894455013,4.741774113999859,0,1.9093919537800323,0,0.20432607623476362,5.030648911435215,1.6248354822799973
21028,2974,48.6,128220,2,4600,86.24747814391392,0.8742434431741762,0,3.295225285810356,0,2.723604572965703,6.859448554135844,1.546738399462004
21619,5776,49.6,94815,14,8549.69,82.84279778393352,7.531163434903047,0,1.0214681440443214,0,3.9300554016620497,4.674515235457063,1.4802094875346261
21146,29710,42.1,171848,30,43020.35,88.20262537866039,3.453382699427802,0.006731740154830023,2.487377987209694,0,0.851565129585998,4.9983170649612925,1.448009087849209
21015,30485,40.1,135454,23,43138.75,81.11530260783992,6.980482204362802,0.013121207151057896,5.0582253567328195,0,1.4630145973429556,5.369854026570445,1.4150811874692473
20692,721,54.8,154833,1,1000,90.42995839112345,0.13869625520110956,0,0,0,0,9.43134535367545,1.3869625520110958
20613,14800,44.2,145445,29,20310,22.89189189189189,64.45945945945945,0.08108108108108107,2.5472972972972974,0,2.4391891891891895,7.581081081081082,1.3722972972972973
21136,35038,43.5,105300,28,47693.45,55.98493064672642,27.473029282493293,0.1969290484616702,7.788686568868086,0,2.6913636623094925,5.865060791141047,1.3611921342542381
20852,48379,38.5,121550,65,64676.52,55.689452034973854,10.705057979701937,0.2811137063601976,19.954939126480497,0.004134025093532318,3.4395088778188887,9.925794249571094,1.336871783211724
21624,201,59.5,87813,1,267,94.02985074626866,5.970149253731343,0,0,0,0,0,1.328358208955224
21794,2309,43.6,191458,6,3054.1,66.7388479861412,4.850584668687744,0,22.17410134257254,0,0,6.236466002598527,1.3226938068427891
20841,9312,47.5,177588,6,12147,37.97250859106529,9.954896907216494,0,45.822594501718214,0,0.9342783505154639,5.315721649484536,1.3044458762886597
20678,12874,38.5,115710,8,16519.72,71.94345191859563,16.83237533012273,0.17088705918906325,2.3147428926518563,0,1.5768215006990833,7.161721298741649,1.2831847133757963
21152,6517,41.9,113711,7,8330.75,83.41261316556697,7.626208378088077,0.19947828755562375,5.109713058155593,0,1.1815252416756177,2.4704618689581093,1.2783105723492405
21673,2793,44.4,66163,2,3500,76.69172932330827,16.541353383458645,0.5370569280343717,0.39384174722520593,0,0.0716075904045829,5.764411027568922,1.2531328320802004
20910,45072,35.1,103813,104,55874.27,46.63427405040824,30.72639332623358,0.30839545615903446,7.268370607028754,0.03106141285055023,5.395811146609868,9.635694000709975,1.2396669772807951
21231,14780,32.8,88091,10,16700,60.05412719891745,26.04194857916103,0.35859269282814615,6.2516914749661705,0,1.9891745602165087,5.30446549391069,1.1299052774018945
20769,6812,43.1,155794,17,7557.03,23.766881972988845,45.273047563123896,0,15.002935995302408,0.04403992953611274,13.872577803875513,2.040516735173224,1.1093702290076335
20774,51010,42.5,118595,101,56583.43,5.389139384434424,86.54185453832581,0.09213879631444814,1.6879043324838268,0,1.958439521662419,4.330523426779063,1.1092615173495393
20778,2564,47.1,178854,6,2833.2,94.61778471138845,0.62402496099844,0,0,0,0,4.758190327613105,1.1049921996879875
21648,181,48.2,137500,1,200,90.60773480662984,2.209944751381215,0,6.629834254143646,0,0.5524861878453038,0,1.1049723756906078
20607,12080,42.8,151475,22,13295.09,18.683774834437088,65.7615894039735,0.7698675496688742,5.347682119205298,0,0.9685430463576159,8.468543046357615,1.1005869205298013
21012,23144,38.4,136705,25,24404.08,81.61078465260975,5.146042170756999,0.13826477704804702,3.6553750432077425,0,0.8166263394400276,8.632907016937436,1.054445212582095
21117,58516,36.8,96672,41,60301.54,33.860824389910455,52.58732654316768,0.008544671542825894,5.318203568254836,0.14696835053660537,2.3651650830542073,5.7129673935333924,1.0305137056531548
20838,368,34.7,195938,1,377.91999999999996,91.84782608695652,0,0,0.2717391304347826,0,4.076086956521739,3.804347826086957,1.0269565217391303
21782,4389,42.1,82256,3,4500,97.60765550239235,0,0.09113693324219639,0.4329004329004329,0,0.3189792663476874,1.5493278651173388,1.0252904989747096
21120,7319,44,148090,4,7476.71,89.08320808853668,2.1314387211367674,0,2.828255226123787,0,1.666894384478754,4.290203579724006,1.0215480256865692
21163,7222,46.3,123858,9,7288.47,44.22597618388258,24.328440875103848,0,24.53613957352534,0.1800055386319579,1.9523677651620048,4.777070063694268,1.009203821656051
20781,13299,34.1,89281,13,13375,32.97992330250395,25.04699601473795,0.9699977441912927,3.789758628468306,0.43612301676817805,30.272952853598017,6.504248439732311,1.0057147153921346
20837,6651,44.9,193264,4,6591.02,78.51450909637649,3.0822432716884682,0,7.833408509998496,0,4.3602465794617355,6.209592542474816,0.9909818072470306
21209,29960,35.3,89398,36,29581.09,68.85180240320427,21.832443257676903,0.02002670226969292,4.636181575433912,0.043391188251001335,1.855807743658211,2.760347129506008,0.9873528037383178
21795,9772,40.9,84833,7,9530.75,87.01391731477692,4.124027834629554,0.08186655751125665,0.9209987720016374,0,0.5321326238231682,7.327056897257471,0.9753121162505116
20772,52596,42.2,131973,83,51186.62,12.255684842953837,77.46216442315004,0.34793520419803786,1.2320328542094456,0.14639896570081376,4.47752680812229,4.078256901665526,0.9732036656779984
21042,42528,44.6,178207,54,40114.64,58.2181151241535,4.40415726109857,0.3644657637321294,30.45287810383747,0.14578630549285176,1.0275583145221971,5.3870391271632805,0.943252445447705
20754,7344,39.6,166976,6,6850,82.6797385620915,7.652505446623094,0.20424836601307192,2.2058823529411766,0,0.8169934640522877,6.440631808278867,0.9327342047930284
21286,21142,41.5,92722,17,18733.81,72.16441207075962,15.395894428152493,0.03310945038312364,4.233279727556523,0.03310945038312364,2.951471005581307,5.188723867183804,0.8860945038312364
21046,15894,37.7,125280,22,13957.65,54.24059393481817,31.653454133635332,0.03775009437523594,6.958600729835158,0.1887504718761797,0.9122939474015351,6.008556688058387,0.8781710079275198
21218,46548,34.1,58847,42,40309.4,28.037724499441435,60.16799862507519,0.5736014436710493,4.846609951018304,0.06874624043997593,1.1278680072183551,5.177451233135688,0.8659749076222394
20765,604,53.7,139167,1,520.51,70.03311258278146,29.96688741721854,0,0,0,0,0,0.8617715231788079
20833,7949,46.6,195564,7,6841.78,65.74411875707636,9.938357026041011,0.3648257642470751,9.510630267958234,0,3.648257642470751,10.793810542206566,0.8607095232104667
20855,16558,41.9,146036,16,14250,55.429399685952404,12.912187462253897,1.5279623142891654,16.777388573499216,0,4.16716994806136,9.185892015943955,0.8606111849257156
20905,17451,41.6,142929,25,14713.21,43.48747922755143,24.153343647928484,0,13.586613947624778,0,10.199988539338719,8.572574637556588,0.8431155807690103
20646,21248,43.1,130168,14,17561.27,66.8910015060241,24.246987951807228,0.48004518072289154,2.654367469879518,0,1.120105421686747,4.607492469879518,0.8264904932228916
20617,630,41.1,123438,1,520.51,70.47619047619048,19.20634920634921,0,0,0,0,10.317460317460316,0.8262063492063492
21085,16590,43.8,100573,4,12850,76.99216395418928,16.232670283303193,0.13863773357444242,1.4165159734779988,0,2.2724532851115127,2.9475587703435804,0.7745629897528632
21047,13419,45.1,150593,8,10260.25,86.58618376928237,2.0716893956330575,0,5.454951933825173,0,0.14904240256352932,5.738132498695879,0.7646061554512259
21108,18046,39.8,142001,17,13725.07,77.10295910451069,9.370497617200488,0.07757951900698215,5.048210129668624,0,1.108278842956888,7.292474786656323,0.7605602349551147
20776,2966,51.2,118092,3,2250,86.58125421443022,12.508428860418071,0,0,0,0.30343897505057316,0.6068779501011463,0.758597437626433
20723,35845,36.7,128226,16,27175,39.93862463384015,31.293067373413308,0.10322220672339238,16.063607197656577,0,5.998047147440368,6.603431440926211,0.7581252615427535
20850,51072,40.2,125268,43,37976.81,48.34351503759399,11.444627192982457,0.12139724310776942,26.368656015037594,0,5.989583333333334,7.7322211779448615,0.7435935541979949
20675,2060,51.5,128325,1,1500,45.33980582524272,34.66019417475728,0,1.3106796116504855,0,6.067961165048544,12.62135922330097,0.7281553398058253
20674,807,37.1,165650,2,585,78.06691449814126,15.489467162329614,0,2.8500619578686495,0,0,3.593556381660471,0.724907063197026
20650,15522,37.6,137854,11,11141.4,77.97964179873728,6.829016879268135,0.012884937508053087,3.1245973457028735,0,0.5153975003221235,11.538461538461538,0.7177812137611133
21758,4610,39,103081,1,3300,82.40780911062907,6.442516268980477,0.1301518438177874,2.472885032537961,0,0.10845986984815618,8.43817787418655,0.7158351409978309
20782,34625,36.6,82037,37,24098.5,18.631046931407944,37.802166064981954,0.5256317689530686,4.381227436823105,0,31.425270758122743,7.234657039711191,0.695985559566787
21813,2927,47.4,103387,1,2000,85.61667236077895,6.217970618380594,0,0.0341646737273659,0,1.400751622822002,6.730440724291083,0.683293474547318
20676,2897,50,161071,4,1956.15,88.33275802554367,6.4204349326889885,0,0,0,0,5.246807041767346,0.6752329996548153
21811,24456,54.9,87611,21,16476.4,84.1184167484462,8.513248282630029,0.03680078508341511,2.269381746810599,0,1.0958456002616945,3.9663068367680734,0.673716061498201
20623,2457,49.5,116475,3,1600,5.046805046805047,89.13308913308914,0,0,0,0.5698005698005698,5.25030525030525,0.6512006512006512
20878,65954,40.3,141902,57,42296.41,49.24796069988174,10.088849804409133,0.30779027807259607,26.95060193468175,0,5.2445643933650725,8.160232889589714,0.6413016647966765
21211,15935,36.7,79909,18,10092.02,76.32256040163163,9.030436146846563,1.5312205836209603,7.147787888296203,0.031377470975839344,0.527141512394101,5.409475996234703,0.6333241292751804
21087,5597,52.4,113472,7,3530.76,95.35465427907808,1.1256030016080043,0.3394675719135251,0.2501340003573343,0,0.6968018581382884,2.2333392889047703,0.6308308022154726
21797,9034,45.1,179271,6,5691.35,88.01195483728138,2.2027894620323223,0.2988709320345362,4.328093867611246,0,0.24352446313925172,4.914766437901262,0.6299922514943547
21043,47309,38.5,145000,42,29175.11,51.57158257414023,11.858208797480394,0.22405884715381852,24.747933796951955,0,2.8958549113276546,8.702361072945951,0.6166925954892304
20866,16680,38.3,137990,11,9950,21.552757793764986,46.06714628297362,0.42565947242206237,18.507194244604317,0,6.3549160671462825,7.09232613908873,0.5965227817745803
21076,22041,35.9,137237,14,13130.25,43.20130665577786,33.269815344131395,0.26314595526518764,11.637403021641486,0.09073998457420263,3.8383013474887706,7.699287691121093,0.595719341227712
20901,37207,39.7,123031,50,22038.67,43.83583734243556,29.220308006557904,0.5966619184562044,8.14900421963609,0.23920230064235223,10.19431827344317,7.7646679388287145,0.5923259064154595
20777,3220,45.6,215833,7,1808.2,70.43478260869566,6.39751552795031,0,16.73913043478261,0,1.3975155279503106,5.031055900621118,0.5615527950310559
20716,22340,42,119507,28,12464,18.858549686660698,68.69740376007162,0.4521038495971351,2.900626678603402,0,3.6347358997314236,5.456580125335721,0.5579230080572963
21740,62760,39.3,57150,15,34800,70.59114085404717,17.28648820905035,0.20076481835564053,1.7590822179732315,0.16730401529636713,2.1112173358827278,7.884002549394518,0.5544933078393881
20745,29355,38.4,77869,24,16067.86,7.249190938511327,63.1033895418157,0.6370294668710611,3.774484755578266,0.0510986203372509,20.0340657468915,5.150740929994891,0.5473636518480668
21620,13636,41.2,69842,15,7425.82,80.48547961278967,13.105016133763566,0,1.1733646230566148,0.08066881783514226,1.2980346142563801,3.8574361982986214,0.544574655324142
21014,37097,41.4,109366,19,19458.46,82.9420168746799,5.062403967975848,0.05930398684529747,3.566326118014934,0.301911205757878,1.6793810820281962,6.388656764697955,0.5245292072135213
21013,5382,45.6,161141,2,2801.25,92.17762913415088,1.7651430694908956,0,1.2263099219620959,0,0.9104422147900408,3.9204756596060943,0.5204849498327759
20705,28660,35.7,102816,18,14830.66,15.983949755757154,36.468946266573624,0.0732728541521284,10.914166085136078,0,29.65457083042568,6.905094207955338,0.5174689462665736
21913,878,32.2,NA,1,450,88.15489749430525,10.364464692482915,0,0.683371298405467,0,0,0.7972665148063782,0.5125284738041003
21054,15687,40.8,152232,12,7879.26,61.50953018422898,13.826735513482502,0.3314846688340664,9.128577803276599,0,4.398546567221266,10.805125262956588,0.5022795945687513
21044,45100,39.6,123658,44,22455.64,47.572062084257205,26.572062084257208,0.1951219512195122,12.534368070953436,0.026607538802660754,2.600886917960089,10.49889135254989,0.49790776053215074
20904,56532,40.9,90926,49,27958.06,24.658600438689593,50.00707563857638,0.5306728932286139,11.742022217505129,0.049529470034670627,7.126936956060284,5.8851623859053275,0.49455281964197273
20708,27909,35.3,80569,9,13743.05,16.345981583001898,64.45591027983805,0.3009781790820165,3.300010749220682,0,10.605897739080582,4.991221469776774,0.4924235909563223
21502,41291,43.5,56958,10,20319.22,84.61650238550774,9.629217020658256,0.17437213920709113,0.8476423433678042,0,0.21796517400886392,4.5143009372502485,0.4920980358915987
21784,37219,40.3,138923,15,18277.92,81.78349767591821,6.609527391923479,0.49437115451785374,4.089309223783552,0.045675595797845185,1.1714446922270882,5.8061742658319675,0.49109110937961786
20880,604,58.1,131528,1,291.27,77.31788079470199,12.582781456953644,0,2.4834437086092715,0,3.642384105960265,3.9735099337748347,0.48223509933774833
20744,55820,44.2,121068,59,26654,9.613041920458617,67.10318882121103,1.5836617699749194,4.743819419562881,0,11.452884270870655,5.503403797921892,0.4774991042637048
20637,6221,44,141382,3,2900,56.38964796656486,28.178749397203024,1.125221025558592,2.4915608423083104,0,0,11.814820768365214,0.4661629963028452
20622,5471,45,121908,3,2520.51,78.92524218607203,7.548894169256077,0.12794735880095048,3.0341802229939683,0,0.5117894352038019,9.851946627673186,0.46070371047340525
21561,2517,56,72159,2,1140.94,93.76241557409615,0.9137862534763607,0,0,0.6356773937226857,0.9932459276916964,3.6948748510131106,0.45329360349622566
21113,36495,36.3,116584,22,16508.72,52.4592409919167,27.042060556240582,0.032881216605014384,6.143307302370188,0.16440608302507193,2.759282093437457,11.398821756404987,0.45235566515961095
20706,43797,38.5,99555,35,19754.3,8.119277576089686,61.707422882845854,0.31280681325204923,5.785784414457611,0.04109870539078019,16.049044455099665,7.98456515286435,0.45104230883393837
20715,26244,42.3,139056,24,11822.21,45.60661484529797,38.08489559518366,0.1371742112482853,4.218106995884774,0,5.296448712086573,6.656759640298734,0.45047286998933084
21050,18076,42.7,117551,8,8102.05,94.35162646603231,1.255808807258243,0.03319318433281699,1.2502766098694402,0,0.7191856605443682,2.3899092719628237,0.4482213985394999
21140,4255,43.8,141411,5,1900,92.45593419506463,0.282021151586369,0,0.18801410105757932,0,1.9976498237367801,5.076380728554641,0.44653349001175086
20871,27420,37.4,162472,5,12000,33.52662290299052,16.2253829321663,0.47410649161196206,37.4434719183078,0.06929248723559446,5.328227571115974,6.932895696571845,0.437636761487965
20636,11089,38.7,151193,8,4785.25,83.47010550996484,6.51095680404004,0.16232302281540265,1.4609072053386238,0,1.0460817025881504,7.349625755252953,0.43153124718189195
20882,13962,46.2,171903,10,6022.99,75.39750752041255,7.5418994413407825,0,6.882968056152413,0,3.2087093539607507,6.968915628133505,0.43138447213866205
21224,44915,34.2,86443,20,18927.64,64.25692975620618,13.924078815540467,0.5432483580095736,3.7916063675832126,0.004452855393521095,11.192252031615272,6.287431815651787,0.4214102193031281
21114,25126,36.7,132829,10,10487.31,68.3395685743851,14.678022765263075,0,7.442489851150203,0,1.6277959086205525,7.912122900581071,0.4173887606463424
21737,2406,38.5,250001,1,1000,76.47547797173732,5.818786367414797,0,13.258520365752286,0,0,4.447215295095595,0.41562759767248547
21048,9759,46.8,125098,3,4000,88.7693411210165,3.1253202172353722,0,3.5864330361717394,0,0.23567988523414285,4.283225740342248,0.4098780612767702
21045,40980,38,115134,25,16692.3,46.957052220595415,31.181063933626156,0.3538311371400683,11.149341142020498,0,3.4773060029282576,6.881405563689605,0.4073279648609077
21863,4913,40.3,67107,2,2000,69.87583960920009,22.409932831263994,0,1.8929371056381028,0,0.18318746183594548,5.638102992061877,0.4070832485243232
20853,31794,41.8,146075,18,12898.5,55.29974208970246,11.511605963389318,0.5567088129835818,12.288482103541549,0,13.181732402340064,7.161728628043027,0.4056897527835441
21228,50268,42.7,102592,26,20373.72,57.79024429060237,20.124134638338507,0.21683774966181268,13.207209357841968,0.21882708681467333,2.6557650990689905,5.78698177767168,0.4053019813798043
21230,32883,33.5,95470,20,12888.46,59.295076483289236,26.840616732049995,0.5656418210017334,2.6001277255724844,0.015205425295745522,5.911869354985859,4.771462457804945,0.3919490314144086
20733,2669,47.7,128864,3,1025,85.5751217684526,7.9055826152116895,0.18733608092918697,1.3113525665043086,0,0.14986886474334957,4.87073810415886,0.3840389659048333
21722,6709,43.5,84906,2,2500,94.3359666120137,0.9688478163660754,0,1.475629751080638,0,0.2384856163362647,2.981070204203309,0.3726337755254136
20770,28458,35.9,80876,18,10268.85,20.55660974067046,51.012017710309934,0.5376344086021506,10.320472274931477,0,11.750650080820858,5.822615784665121,0.36084229390681005
20902,53308,36.4,105677,35,19053.49,37.49718616342763,17.91100772867112,0.7597358745404067,7.75680948450514,0.031890147820214605,29.074435356794474,6.968935244241015,0.3574227132888122
20832,25488,41.2,160287,19,8968.64,60.80508474576271,12.880571249215317,0.3256434400502197,13.186597614563716,0,4.076428123038292,8.725674827369742,0.3518769617074702
21217,31634,39.9,36665,20,10652.6,12.992350003161155,82.12682556742746,0.14541316305241198,1.191755705886072,0.015805778592653474,0.28450401466776254,3.2433457672124932,0.3367452740722008
20707,36352,39,97720,24,11903.26,22.312389964788732,47.18034771126761,0.6959727112676056,11.097051056338028,0,9.157680457746478,9.55655809859155,0.3274444322183099
21645,1231,47.9,NA,1,400,94.55727051177905,4.54914703493095,0,0,0,0,0.8935824532900082,0.3249390739236393
20748,40763,40,79381,19,13038,5.078134582832471,84.38289625395579,0.09076858916173981,1.1333807619655079,0,5.742953168314402,3.5718666437700857,0.31984888256507127
21787,10879,41,83669,1,3300,90.18292122437724,6.746943652909275,0,0.753745748690137,0,0.10111223458038424,2.215277139442964,0.3033367037411527
20695,11455,40.2,121528,3,3450.24,28.92186817983413,57.54692274116107,0,2.610213880401571,0,3.0117852466171975,7.909209951986032,0.3011994762112614
20662,2590,44.5,76250,1,770.51,60.810810810810814,28.764478764478763,2.0463320463320462,1.0424710424710426,0,4.1312741312741315,3.2046332046332044,0.2974942084942085
21078,19820,45.2,100853,6,5581.27,72.13420787083754,15.94853683148335,0.19677093844601415,2.3612512613521695,0,3.279515640766902,6.079717457114026,0.2815978809283552
20714,4767,34.7,86534,2,1312.3,72.2886511432767,14.99895112229914,0.35661841829242713,4.090623033354311,1.0279001468428781,0.9020348227396686,6.335221313194881,0.2752884413677365
21205,14684,32.8,38211,2,4000,16.609915554344866,63.38872241895941,0.074911468264778,3.1054208662489784,0.006810133478616181,9.391174067011713,7.423045491691638,0.27240533914464726
21704,18473,37.4,162437,5,5025,59.481405294213175,11.562821415038165,0.211118930330753,14.529313051480539,0.21653223623666973,1.6131651599631898,12.385643912737509,0.27201862177231634
21701,40787,39.2,97769,30,11090.789999999999,76.11739034496286,12.150930443523672,0.2304655895260745,2.7141000809081324,0.0367764238605438,1.441635815333317,7.308701301885405,0.2719197293255204
21801,30766,37.2,65750,12,8364.35,54.72274588831827,33.73854254696743,0.1560163817200806,2.844048625105636,0,3.4031073262692586,5.135539231619321,0.27186992134174087
21084,7366,50.6,114200,2,2000,91.569372793918,0.9231604670105892,0,3.25821341297855,0,0.4344284550638067,3.814824871029052,0.27151778441487917
20747,39279,38.7,71259,18,10591,2.1665521016319156,86.67226762392119,0.8732401537717356,0.7790422363094783,0.33860332493189743,4.694620535146007,4.4756740242877875,0.26963517401155834
21629,9988,39.5,65541,3,2666.4,79.55546655987185,14.897877452943531,0.0500600720865038,0.1802162595114137,0,1.511814177012415,3.8045654785742893,0.2669603524229075
20737,24438,31.9,85752,11,6483,20.230788116867174,26.945740240608888,0.9575251657255094,3.8873884933300595,0,41.656436696947374,6.322121286520992,0.2652835747606187
20842,1927,47.3,152917,1,500,69.43435391800726,13.907628437986508,0.4151530877010898,2.33523611831863,0,7.109496626881162,6.798131811105346,0.2594706798131811
20701,794,30,79236,1,200,44.584382871536526,45.34005037783375,0,5.037783375314862,0,0,5.037783375314862,0.2518891687657431
20639,15058,39.3,144035,6,3718.45,77.7526896002125,11.422499667950591,0.06640988179041042,2.3177048744853233,0,0.11953778722273874,8.321158188338424,0.2469418249435516
20657,21054,35.4,110669,6,5164.35,79.52408093473923,12.591431556948798,0.09024413413128146,0.9784364016338938,0.04274722143060701,0.8976916500427472,5.87536810107343,0.24529068110572813
20620,1325,46.8,154128,1,325,55.77358490566038,10.716981132075471,0,3.471698113207547,0,0,30.037735849056602,0.24528301886792453
21713,9999,45.3,96555,3,2450,92.38923892389239,4.390439043904391,0,2.1702170217021703,0.1000100010001,0.15001500150015,0.8000800080008,0.245024502450245
20659,23346,38.1,115729,7,5709.15,88.04506125246296,6.754904480424913,0.021416945086952795,0.3469545104086353,0,0.826694080356378,4.004968731260173,0.2445451040863531
20785,41281,36.5,83146,26,10094.7,8.337976308713452,73.59802330369904,0.3730529783677721,2.6913107725103558,0,9.382040163755722,5.617596472953659,0.24453622732007463
21617,10401,41.6,116827,6,2520.25,87.8665512931449,7.172387270454764,0,1.442169022209403,0,1.9709643303528508,1.5479280838380924,0.24230843188154985
21769,12562,42.5,142887,8,2978.7,85.46409807355516,1.894602770259513,0.07164464257283872,5.0469670434644165,0,0.652762298996975,6.869925171151091,0.23711988536857187
20851,14659,36,107578,7,3472.74,34.190599631625624,11.631079882665938,0.6344225390545057,16.078859403779248,0,23.896582304386385,13.568456238488299,0.23690156218023056
21625,2329,41.8,98750,1,550,83.12580506655218,5.6676685272649205,0.7728638900815801,1.2022327179046801,0,0,9.23142979819665,0.23615285530270502
21632,6504,43.1,59135,2,1500,67.65067650676507,25.322878228782287,0.5535055350553505,0,0,0.16912669126691268,6.303813038130382,0.23062730627306274
20735,39399,44.7,124371,25,9062.77,8.21340643163532,77.48927637757303,0.3553389679941115,2.0888855047082413,0,7.119470037310592,4.7336226807787,0.23002538135485673
20879,27489,36.1,100324,9,6275,36.814725890356144,20.41543890283386,0.632980464913238,13.849176034049984,0.1345992942631598,19.189493979409946,8.96358543417367,0.2282731274327913
21716,6630,36.6,100043,4,1497.15,72.39819004524887,11.206636500754149,0.22624434389140274,1.9155354449472097,0,0.8446455505279035,13.408748114630468,0.22581447963800907
21122,61444,39.4,118302,24,13812.02,82.21144456741098,7.196797083523208,0.22622225115552375,1.9237028839268275,0,2.0360002603997134,6.405832953583751,0.22479037823058395
20740,36583,24.5,79446,16,8157.78,41.62862531777055,22.767405625563786,0.19134570702238743,14.061175956045158,0.021868080802558566,12.863898532105075,8.465680780690485,0.22299374026187027
21144,37041,36.6,127055,11,8244.75,47.51221619286736,32.94727464161335,0.37525984719634997,7.459301854701547,0,3.679706271428957,8.026241192192435,0.22258443346561918
21215,53674,42.6,49523,16,11926.27,18.014308603793268,75.22450348399597,0.07266087863770168,1.2613183291724113,0.03167269068822894,2.081082088161866,3.314453925550546,0.22219827104370832
21702,46596,38.1,100449,14,10226.02,62.44956648639368,16.857670186282085,0.1781268778435917,4.5712078289981974,0,4.472486908747532,11.470941711734913,0.2194613271525453
20906,71560,40,91563,41,15461.23,31.185019564002236,23.788429290106205,0.2543320290665176,11.488261598658468,0.03633314700950251,24.707937395192843,8.539686975964225,0.21605967020681946
21214,21510,41.2,77398,9,4641.2,35.20688052068805,58.87959088795909,0.6694560669456067,0.43700604370060436,0.037192003719200374,0.9251510925151092,3.8447233844723385,0.21576940957694096
21162,4322,37.6,138654,3,924.5999999999999,76.23785284590467,14.322073114298936,0,2.4988431281813974,0,1.2494215640906987,5.691809347524295,0.21392873669597406
21678,1685,50,75865,2,360.25,70.86053412462908,25.816023738872403,0,0.5341246290801187,0,0.2373887240356083,2.5519287833827895,0.21379821958456974
20736,9274,45.2,158924,5,1959.86,80.03019193444038,8.680181151606641,0.4744446840629717,0.48522751779167567,0,2.0487384084537417,8.281216303644598,0.21132844511537632
21207,51765,37.8,59822,11,10920.66,9.904375543320777,79.37409446537235,0.20090794938665119,2.293055153095721,0.25886216555587754,4.188158021829421,3.7805467014391962,0.210966096783541
20886,34692,37.9,94586,10,7122.3,36.08901187593682,22.846765824974057,0.4640839386602098,13.55067450709097,0,16.044044736538684,11.005419116799262,0.2053009339328952
21613,17945,42.6,51094,7,3541.4,52.45472276400112,33.608247422680414,0,1.9838395096127055,0,3.1819448314293677,8.7712454722764,0.19734745054332684
21655,4753,42.7,78000,1,929.2,81.86408584052177,8.878602987586786,0.12623606143488322,0.4628655585945719,0,2.987586787292236,5.680622764569746,0.19549758047548918
21234,66095,40.5,80692,13,12899.49,60.21938119373629,29.723882290642255,0.17701792873893638,4.6009531734624405,0,1.1392692336787957,4.139496179741282,0.19516589757167713
20685,6750,47,119792,2,1260.25,79.65925925925926,14.681481481481482,0,0,0,2.4444444444444446,3.214814814814815,0.1867037037037037
20616,6792,37.4,118864,3,1250,13.015312131919906,75.63309776207304,0,2.65017667844523,0,1.4723203769140165,7.229093050647821,0.18404004711425206
21638,5064,47.1,116953,4,912.3,80.98341232227489,7.2274881516587675,0,0,0.2962085308056872,1.6587677725118484,9.834123222748815,0.18015402843601894
20877,38524,36.9,86134,17,6739.15,28.64188557782162,18.53390094486554,0.537327380334337,16.0627141522168,0.3270688402035095,25.934482400581455,9.962620703976741,0.17493380749662546
20876,26572,35.7,107542,6,4630.05,31.450398916152338,30.468161975011288,0.17311455667620052,19.86677705855788,0,8.298208640674394,9.743338852927893,0.17424544633448744
21053,3051,40.9,99513,2,520.5,91.31432317273025,3.2120616191412656,0.19665683382497542,0,0,0.3605375286791216,4.916420845624385,0.17059980334316618
20874,61922,37.4,108211,11,10302.09,36.83343561254481,23.403636833435613,0.19056232033849035,17.536578275895483,0,8.691579729336908,13.344207228448694,0.16637204870643713
20608,603,49.5,102647,1,100,44.11276948590381,36.81592039800995,0,1.658374792703151,0,5.140961857379768,12.271973466003317,0.16583747927031509
20634,7853,33.1,131042,2,1300.24,56.25875461607029,32.95555838533045,0,2.2666496880173184,0,1.8591621036546542,6.659875206927289,0.16557239271615942
21853,10659,29.4,55000,3,1600,39.59095599962473,53.31644619570316,0.028145229383619477,0.6661037620789942,0,0.26268880758044844,6.135660005629045,0.15010789004597055
20619,13925,34.8,110960,7,2011.15,73.85996409335726,12.409335727109514,0.12208258527827648,1.9461400359066425,0,4.926391382405745,6.736086175942549,0.14442728904847396
20903,25324,32.5,78649,9,3580.1,16.253356499763072,27.00995103459169,1.0740799241825936,9.453482862107093,0,41.25335649976307,4.955773179592481,0.1413718211972832
21237,30983,40.5,84118,6,4332.04,44.434044476002974,38.421069618823225,0.3679437110673595,8.488525965852242,0.42604008649904784,2.8886808895200593,4.973695252235097,0.13981990123616175
21009,32565,36.9,108703,3,4508.2,72.9064947029019,17.230155074466452,0.07062797481959159,3.933671119299862,0,1.4094887148779365,4.44956241363427,0.1384369722094273
20618,1087,57.9,78654,1,150,49.494020239190434,47.65409383624655,0,1.1039558417663293,0,0,1.7479300827966882,0.13799448022079117
21754,7260,40,179068,2,1000,74.06336088154269,9.53168044077135,0.04132231404958678,8.016528925619834,0.11019283746556473,1.2396694214876034,6.997245179063361,0.13774104683195593
21001,25908,35.8,76250,5,3283.2,61.13941639647985,24.000308784931295,0.21614945190674695,3.5008491585610626,0,3.8482322062683343,7.29504400185271,0.12672533580361278
21780,1975,47.3,62043,1,250,98.37974683544304,1.5189873417721518,0,0,0,0,0.10126582278481014,0.12658227848101267
21631,2787,47.6,67181,1,350,83.56655902404019,4.520990312163617,0,0,0,6.530319339791892,5.382131324004305,0.12558306422676713
20746,28078,41.2,78754,9,3484,4.911318469976494,86.622978844647065,0.08547617351663224,1.5350096160695206,0,2.8385212621981624,4.006695633592136,0.12408291188831114
21770,7786,41.4,175809,3,956.15,75.27613665553558,10.05651168764449,0,10.12072951451323,0,0.7449267916773696,3.8016953506293345,0.12280375032108913
21623,2187,37.5,69068,1,260.25,74.98856881572931,8.367626886145404,0.411522633744856,1.3260173754000915,0,11.979881115683586,2.9263831732967533,0.11899862825788751
21226,5902,36.4,71500,2,700,57.4042697390715,19.97627922738055,0,4.913588614029143,0,6.50626906133514,11.199593358183666,0.11860386309725517
21220,42652,37.4,77571,6,4999.01,59.108599831191974,25.70571133827253,0.4853230798086842,5.64100159429804,0.08440401387977117,3.845071743411798,5.1298883991372035,0.1172045859514208
21643,5021,40.4,52143,2,575,60.50587532364071,27.544313881696876,0,0.9958175662218682,0,6.5723959370643295,4.38159729137622,0.11451902011551483
20710,9781,33.6,58884,3,1097.6,3.9566506492178717,65.63746038237399,0,0.5111951743175545,0,24.61915959513342,5.275534198957161,0.11221756466618954
21837,3165,39,81173,1,350,66.38230647709321,25.655608214849924,0,0.9794628751974723,0,5.023696682464455,1.9589257503949447,0.11058451816745656
20794,16035,37.8,111200,5,1720.51,40.124727159338946,43.28656064858123,0.32429061428125977,5.999376364203305,0.037418147801683815,3.3863423760523856,6.841284689741191,0.10729716245712503
21710,4988,48.3,158918,1,520.51,86.52766639935847,5.513231756214916,0.32076984763432237,2.0850040096230953,0,0.14033680834001605,5.41299117882919,0.10435244587008821
20722,6218,37.4,82241,2,648.5,17.594081698295273,33.12962367320682,3.377291733676423,3.7954326149887425,0.32164683177870695,33.193953039562565,8.587970408491476,0.10429398520424574
21830,4837,40,105836,1,500,81.60016539177177,14.843911515402109,0.04134794293983874,0.06202191440975812,0.39280545792846805,0.5168492867479842,2.5428984908000825,0.10336985734959686
20732,10676,43,130008,1,1100,77.2573997751967,10.443986511802173,0.32783814162607716,4.083926564256276,0,0.2529037092544024,7.6339452978643685,0.10303484451105283
21104,6077,46.1,195000,2,604.1,77.45598156985355,5.512588448247491,0,10.696067138390655,0,0.6582195162086556,5.677143327299654,0.09940760243541222
20645,763,50.4,119167,1,75,92.66055045871559,0,0.5242463958060288,0,0,0,6.8152031454783755,0.0982961992136304
20615,524,48.1,183393,1,50,95.0381679389313,0,0,0,0,0,4.961832061068702,0.09541984732824428
21532,13229,33.5,55761,2,1259,87.8070904830297,7.218988585682968,0.13606470632700884,1.8293143850631188,0.022677451054501474,0.6122911784715398,2.373573210371154,0.09516970292539119
21774,15096,37.1,159542,3,1404.1,82.55829358770535,3.6301006889242182,0.271595124536301,3.510863804981452,0,0.27821939586645467,9.75092739798622,0.09301139374668786
21798,2699,38.6,120732,1,250,82.14153390144497,12.041496850685439,0,0.29640607632456467,0,1.593182660244535,3.9273805113004814,0.09262689885142646
21911,10804,42.4,88583,2,950,88.48574601999259,0.9811181044057756,0.15734912995186967,2.4157719363198815,0,3.9614957423176604,3.9985190670122175,0.08793039614957424
21755,5706,43.6,129085,1,500,80.94987732211708,3.1370487206449353,0.03505082369435682,1.805117420259376,0,5.625657202944269,8.447248510339993,0.08762705923589205
20743,38692,38.6,73023,7,3291.13,3.9930735035666283,82.91636514008064,0.39543057996485065,0.6383748578517523,0,9.151762638271476,2.9049932802646543,0.0850597022640339
21239,28417,37.8,62547,7,2380.9700000000003,14.681352711405147,76.76390892775451,0.07741844670443748,2.421085969666045,0,0.7530703452158919,5.303163599253968,0.08378681774993843
21155,3063,36.3,129231,1,250,95.29872673849168,1.7303297420829251,0,1.2732615083251715,0,0.5550114267058439,1.1426705843943845,0.08161932745674176
21213,28862,37.3,47870,2,2350,7.442311690111565,87.64118910678401,0.20442103804310163,0.1212667174831959,0,2.2694199986140946,2.321391448964036,0.08142193888157438
21201,18305,32.1,42324,6,1443.19,30.45615951925703,54.55886369844305,0.42065009560229444,5.779841573340618,0,1.3875990166621142,7.396886096694892,0.0788413001912046
20712,9630,39,64674,3,720,19.979231568016615,42.84527518172378,0,1.1838006230529596,0,29.989615784008304,6.0020768431983385,0.07476635514018691
21851,7072,47.5,47901,2,510.25,57.720588235294116,36.84954751131222,0,1.2160633484162897,0,1.0322398190045248,3.1815610859728505,0.07215073529411764
20783,50387,32,79040,5,3550,8.861412665965428,23.27981423779943,0.4644055014190168,3.2349613987734935,0.04961597237382659,58.16976601107429,5.940024212594518,0.07045468077083375
21074,15146,40.7,96367,4,1062.3,89.30410669483692,3.519080945464149,0.04621682292354417,2.436286808398257,0,1.9939257889871915,2.7003829393899377,0.07013732998811567
21921,45081,39.4,80999,5,3095.3,79.01111332934052,9.702535436214815,0.031055211729997118,1.4729043277655776,0.07985625873427829,2.7195492557840333,6.982986180430781,0.06866085490561434
20601,27328,36.8,115742,6,1860.6,29.768003512880565,56.3048887587822,0.7135538641686183,3.0993852459016393,0.0622072599531616,2.5504976580796255,7.501463700234192,0.06808401639344262
21703,39606,35.5,103028,7,2337,59.912639499065804,14.884108468413876,0.4973993839317275,9.132454678584052,0.06312174922991465,3.900924102408726,11.609352118365903,0.059006211180124224
21804,38722,32.9,64513,6,2275,58.8838386446981,29.729869324931563,0.22467847735137647,3.8479417385465626,0.023242601105314807,0.8264035948556377,6.464025618511441,0.05875213057176799
21102,12024,44.5,110503,3,700,93.562874251497007,1.5385894876912842,0.8233532934131738,0.8566200931470394,0,0.024950099800399198,3.1936127744510974,0.0582168995342648
21133,32070,45.1,83305,8,1845,11.780480199563454,78.92734642968506,0.22762706579357658,2.020579981290926,0.015590894917368257,2.3729342064234484,4.655441222326162,0.05753040224508887
21075,36176,33.9,126378,9,1998,42.674701459531185,25.69106590004423,0.16032728881026095,20.306280406899603,0,3.435979655019903,7.731645289694826,0.055229986731534716
21060,38418,37.4,95596,4,2100,62.84293820604925,22.031339476287158,0.7444427091467541,3.7664636368368996,0.17700036441251496,4.65667135197043,5.781144255296996,0.05466187724504139
21219,9605,44.9,116000,1,520.51,86.49661634565331,3.5502342529932327,0.1665799062988027,7.006767308693389,0,0,2.77980218636127,0.05419156689224362
21817,4138,42.7,46875,1,218,71.82213629772836,21.967133881101983,0.02416626389560174,0.8699855002416627,0,1.6191396810053167,3.6974383760270664,0.05268245529241179
20603,32495,38.5,132753,5,1670.7199999999998,22.738882905062315,61.107862748115096,0.33235882443452835,5.6501000153869825,0,2.3018925988613637,7.868902908139713,0.05141467918141252
21520,2056,42,67708,1,100,97.27626459143968,2.237354085603113,0.048638132295719845,0.048638132295719845,0,0,0.38910505836575876,0.048638132295719845
20640,10629,37.4,88750,1,500,37.75519804308966,54.70881550475115,0.30106312917489886,2.3520556966788972,0.07526578229372471,0.8843729419512654,3.923228902060401,0.04704111393357795
21826,5569,28.7,60513,1,250,65.09247620757766,24.474771054049203,0.6643921709463099,2.8012210450709283,0,2.908960316035195,4.0581792063207045,0.0448913629017777
21791,4855,42.6,88984,1,214.41,95.09783728115345,1.0916580844490216,0.10298661174047373,1.6683831101956745,0.20597322348094746,0.5355303810504635,1.297631307929969,0.044162718846549945
20872,12932,41.7,129775,3,569.16,68.94525208784411,12.039901020723786,0.03866377977111043,5.760903185895453,0,6.8744200433034335,6.340859882462109,0.044011753789050416
21128,15934,40,122021,3,674.25,66.60599974896448,13.411572737542363,0,14.026609765281787,0,0.3200702899460274,5.635747458265344,0.04231517509727627
21875,7446,38.9,69362,1,300,65.92801504163309,13.779210314262691,0.12087026591458502,3.94842868654311,0,8.058017727639001,8.1654579640075209,0.040290088638195005
21773,5553,43,142470,1,206.14999999999998,90.09544390419593,0.3961822438321628,0.09004141905276428,2.197010624887448,0,1.854853232486944,5.366468575544751,0.0371240770754547
20751,2081,49.9,115451,1,75,87.21768380586256,0.09610764055742432,0,0.3844305622296973,0,0,12.301777991350313,0.03604036520903412
21771,31653,41.6,148909,4,1135.1,87.09758948598869,4.264998578333807,0.05686664771111743,1.939784538590339,0.04422961488642467,1.9113512147347804,4.685179919754842,0.03586073989827188
21244,39501,34.8,80335,3,1343,11.799701273385484,73.10447836763626,0,7.308675729728361,1.1265537581327054,4.361914888230678,2.2986759828865093,0.033999139262297154
21157,39816,41.1,96406,6,1350.67,89.28320273256982,3.8627687361864576,0.18836648583484028,0.8263009845288327,0.00753465943339361,2.034358047016275,3.79746835443038,0.033922794856339165
20755,10011,27.2,94110,1,339.27,48.24692837878334,24.852662071721106,0.159824193387274,7.761462391369493,0.3296373988612526,3.6260113874737785,15.023474178403756,0.03388972130656278
21236,38632,38.6,91855,4,1186.41,57.94677987160903,19.874715261958997,0.173431352246842,15.792607165044522,0,1.9905777593704699,4.221888589770139,0.03071055083868296
21550,13640,47.4,61824,1,400,96.5542521994135,0.5351906158357771,0.10263929618768329,0.5718475073313782,0,0.6158357771260997,1.6202346041055717,0.02932551319648094
21904,5975,43.4,89797,1,166,86.89539748953975,7.380753138075313,0.05020920502092051,0.16736401673640167,0,0.9874476987447698,4.518828451882846,0.027782426778242678
21161,5625,46.4,109848,1,156,96.23111111111112,0.4977777777777778,0,0.3377777777777778,0,0,2.933333333333333,0.027733333333333332
20653,27053,34.7,96650,2,750,58.551731785753894,24.20433962961594,0,5.134365874394707,0,2.3472442982294015,9.762318412006062,0.02772335785310317
21061,55172,36.4,79778,4,1333.2,54.197781483361126,27.883709127818456,0.29362720220401656,4.255781918364388,0.1015007612557094,5.125788443413326,8.141811063582976,0.02416443123323425
21090,10346,38,118048,1,250,84.09046974676203,6.2826213029190034,0,4.330175913396482,0,1.0052194084670405,4.291513628455442,0.02416392808815001
21158,23011,42.1,109076,2,550,90.17861022989005,1.7861022989005257,0,2.3510494980661423,0,1.0125592108122203,4.67167876233106,0.023901612272391466
21727,6588,28.4,82636,1,150,81.17789921068609,8.060109289617486,0.7741347905282332,0.4857316332726169,0.10625379477838494,2.185792349726776,7.210078931390407,0.022768670309653915
21229,44332,38.2,52692,4,1008.2,18.142650906794188,74.2059911576288,0.11955246774339078,2.422629252007579,0,1.337634214562844,3.771542001263196,0.022742037354506903
21221,43822,41.4,68140,5,968.46,60.00867144356717,30.388845785222035,0.1391994888412213,1.7365706722650722,0,1.5357582949203596,6.190954315184154,0.022099858518552326
21227,35052,37.2,78626,4,735,64.61542850621933,18.141618167294304,0.13408650005705808,4.624557799840237,0,7.2948761839552665,5.189432842633801,0.020968846285518657
20724,18345,33.8,105757,2,378,32.27582447533388,45.44562551103843,3.2651948759880076,5.65276642136822,0,8.023984736985556,5.336603979285909,0.02060506950122649
21206,51020,36.5,61572,1,1050,22.551940415523326,72.03841630733045,0.03920031360250882,1.6522932183457468,0.07252058016464132,1.4739317914543315,2.1716973735789886,0.02058016464131713
21154,7059,49.4,115000,1,100,93.42683099589178,3.7115738773197333,0,0.5666525003541578,0.26915993766822494,0,2.0257826887661143,0.014166312508853945
21223,20728,39.2,35541,2,275,16.108645310690854,74.13643380934002,0.12060980316480124,1.1578541103820919,0,2.807796217676573,5.668660748745658,0.013267078348128136
21225,34872,35.2,49171,1,329.2,35.75934847442074,43.5879788942418,1.0524202798807065,2.3199128240422118,0.028676301904106444,11.602431750401468,5.64923147510897,0.009440238586831842
21222,60013,36.5,60483,1,500,66.35229033709363,18.276040191291887,1.0797660506890174,2.1911919084198423,0,6.301967906953493,5.79874360555213,0.00833152816889674
21901,19938,36.3,105876,1,50,87.39091182666266,5.953455712709399,0.08526431939010934,2.1215768883538972,0,0.6670679105226202,3.7817233423613197,0.002507774099709098
20784,32191,35.7,80170,2,75,10.189183312105868,53.86288092945233,0.31996520766673914,1.857662079463204,0,29.08887577273151,4.681432698580348,0.002329843745146159
21843,NA,NA,NA,10,8500,NA,NA,NA,NA,NA,NA,NA,NA
20604,NA,NA,NA,4,1760.25,NA,NA,NA,NA,NA,NA,NA,NA
21404,NA,NA,NA,3,4300,NA,NA,NA,NA,NA,NA,NA,NA
20773,NA,NA,NA,2,3500,NA,NA,NA,NA,NA,NA,NA,NA
20824,NA,NA,NA,2,5300,NA,NA,NA,NA,NA,NA,NA,NA
20859,NA,NA,NA,2,3500,NA,NA,NA,NA,NA,NA,NA,NA
21041,NA,NA,NA,2,1302.05,NA,NA,NA,NA,NA,NA,NA,NA
21203,NA,NA,NA,2,1215.76,NA,NA,NA,NA,NA,NA,NA,NA
NA,NA,NA,NA,1,208.2,NA,NA,NA,NA,NA,NA,NA,NA
20610,NA,NA,NA,1,104.1,NA,NA,NA,NA,NA,NA,NA,NA
20704,NA,NA,NA,1,180,NA,NA,NA,NA,NA,NA,NA,NA
20717,NA,NA,NA,1,1061.55,NA,NA,NA,NA,NA,NA,NA,NA
20718,NA,NA,NA,1,250,NA,NA,NA,NA,NA,NA,NA,NA
20741,NA,NA,NA,1,2500,NA,NA,NA,NA,NA,NA,NA,NA
20749,NA,NA,NA,1,225,NA,NA,NA,NA,NA,NA,NA,NA
20757,NA,NA,NA,1,125,NA,NA,NA,NA,NA,NA,NA,NA
20775,NA,NA,NA,1,250,NA,NA,NA,NA,NA,NA,NA,NA
20791,NA,NA,NA,1,1000,NA,NA,NA,NA,NA,NA,NA,NA
20875,NA,NA,NA,1,250,NA,NA,NA,NA,NA,NA,NA,NA
21022,NA,NA,NA,1,3300,NA,NA,NA,NA,NA,NA,NA,NA
21055,NA,NA,NA,1,500,NA,NA,NA,NA,NA,NA,NA,NA
21094,NA,NA,NA,1,1000,NA,NA,NA,NA,NA,NA,NA,NA
21284,NA,NA,NA,1,250,NA,NA,NA,NA,NA,NA,NA,NA
21792,NA,NA,NA,1,2000,NA,NA,NA,NA,NA,NA,NA,NA
